Trade number,Type,Date and time,Signal,Price CAD,Size (qty),Size (value),Net PnL CAD,Return %,Commission CAD,Favorable excursion CAD,Favorable excursion %,Adverse excursion CAD,Adverse excursion %,Cumulative PnL CAD,Cumulative PnL %,Duration (bars)
1,Exit long,2023-01-10 09:00,TIME_EXIT,1.34044,1,1.33966,0.001,0.06,0,0.003,0.24,-0.001,-0.11,0.001,0.00,3
1,Entry long,2023-01-10 06:00,USDCAD_1100_LONG_PEN_EXTREME,1.33966,1,1.33966,0.001,0.06,0,0.003,0.24,-0.001,-0.11,0.001,0.00,3
2,Exit long,2023-01-13 08:00,TP_OR_SL,1.34258,1,1.33798,0.005,0.34,0,0.005,0.34,-0.001,-0.06,0.01,0.00,2
2,Entry long,2023-01-13 06:00,USDCAD_1100_LONG_PEN_EXTREME,1.33798,1,1.33798,0.005,0.34,0,0.005,0.34,-0.001,-0.06,0.01,0.00,2
3,Exit long,2023-01-30 09:00,TIME_EXIT,1.33504,1,1.33293,0.002,0.16,0,0.003,0.20,-0.001,-0.06,0.01,0.00,3
3,Entry long,2023-01-30 06:00,USDCAD_1100_LONG_BASE,1.33293,1,1.33293,0.002,0.16,0,0.003,0.20,-0.001,-0.06,0.01,0.00,3
4,Exit long,2023-02-07 09:00,TP_OR_SL,1.34602,1,1.34272,0.003,0.25,0,0.003,0.25,-0.001,-0.07,0.01,0.00,3
4,Entry long,2023-02-07 06:00,USDCAD_1100_LONG_BASE,1.34272,1,1.34272,0.003,0.25,0,0.003,0.25,-0.001,-0.07,0.01,0.00,3
5,Exit long,2023-02-10 08:00,TP_OR_SL,1.3434,1,1.34495,-0.002,-0.12,0,0.0004,0.03,-0.002,-0.12,0.01,0.00,2
5,Entry long,2023-02-10 06:00,USDCAD_1100_LONG_BASE,1.34495,1,1.34495,-0.002,-0.12,0,0.0004,0.03,-0.002,-0.12,0.01,0.00,2
6,Exit long,2023-03-22 10:00,TIME_EXIT,1.37099,1,1.37042,0.001,0.04,0,0.002,0.14,-0.001,-0.08,0.01,0.00,3
6,Entry long,2023-03-22 07:00,USDCAD_1100_LONG_BASE,1.37042,1,1.37042,0.001,0.04,0,0.002,0.14,-0.001,-0.08,0.01,0.00,3
7,Exit long,2023-04-11 09:00,TP_OR_SL,1.34959,1,1.35091,-0.001,-0.10,0,0.001,0.05,-0.001,-0.10,0.01,0.00,2
7,Entry long,2023-04-11 07:00,USDCAD_1100_LONG_BASE,1.35091,1,1.35091,-0.001,-0.10,0,0.001,0.05,-0.001,-0.10,0.01,0.00,2
8,Exit long,2023-04-18 08:00,TP_OR_SL,1.33684,1,1.33803,-0.001,-0.09,0,0.0005,0.04,-0.001,-0.09,0.01,0.00,1
8,Entry long,2023-04-18 07:00,USDCAD_1100_LONG_BASE,1.33803,1,1.33803,-0.001,-0.09,0,0.0005,0.04,-0.001,-0.09,0.01,0.00,1
9,Exit long,2023-07-21 09:00,TP_OR_SL,1.32205,1,1.31909,0.003,0.22,0,0.003,0.22,-0.001,-0.06,0.01,0.00,2
9,Entry long,2023-07-21 07:00,USDCAD_1100_LONG_PEN_EXTREME,1.31909,1,1.31909,0.003,0.22,0,0.003,0.22,-0.001,-0.06,0.01,0.00,2
10,Exit long,2023-10-06 08:00,TP_OR_SL,1.37034,1,1.37175,-0.001,-0.10,0,0,0.00,-0.001,-0.10,0.01,0.00,1
10,Entry long,2023-10-06 07:00,USDCAD_1100_LONG_BASE,1.37175,1,1.37175,-0.001,-0.10,0,0,0.00,-0.001,-0.10,0.01,0.00,1
11,Exit long,2023-10-18 10:00,TP_OR_SL,1.36795,1,1.36515,0.003,0.21,0,0.003,0.21,-0.001,-0.04,0.01,0.00,3
11,Entry long,2023-10-18 07:00,USDCAD_1100_LONG_PEN_EXTREME,1.36515,1,1.36515,0.003,0.21,0,0.003,0.21,-0.001,-0.04,0.01,0.00,3
12,Exit long,2023-10-27 09:00,TP_OR_SL,1.38162,1,1.3829,-0.001,-0.09,0,0.001,0.06,-0.001,-0.09,0.01,0.00,2
12,Entry long,2023-10-27 07:00,USDCAD_1100_LONG_PEN_EXTREME,1.3829,1,1.3829,-0.001,-0.09,0,0.001,0.06,-0.001,-0.09,0.01,0.00,2
13,Exit long,2023-11-20 09:00,TP_OR_SL,1.37451,1,1.37184,0.003,0.19,0,0.003,0.19,-0.001,-0.07,0.01,0.00,3
13,Entry long,2023-11-20 06:00,USDCAD_1100_LONG_PEN_EXTREME,1.37184,1,1.37184,0.003,0.19,0,0.003,0.19,-0.001,-0.07,0.01,0.00,3
14,Exit long,2024-01-04 08:00,TP_OR_SL,1.33614,1,1.33378,0.002,0.18,0,0.002,0.18,-0.001,-0.06,0.02,0.00,2
14,Entry long,2024-01-04 06:00,USDCAD_1100_LONG_BASE,1.33378,1,1.33378,0.002,0.18,0,0.002,0.18,-0.001,-0.06,0.02,0.00,2
15,Exit long,2024-01-12 08:00,TP_OR_SL,1.33632,1,1.3377,-0.001,-0.10,0,0.001,0.07,-0.001,-0.10,0.01,0.00,2
15,Entry long,2024-01-12 06:00,USDCAD_1100_LONG_BASE,1.3377,1,1.3377,-0.001,-0.10,0,0.001,0.07,-0.001,-0.10,0.01,0.00,2
16,Exit long,2024-03-12 08:00,TP_OR_SL,1.34719,1,1.34805,-0.001,-0.06,0,0,0.00,-0.001,-0.06,0.01,0.00,1
16,Entry long,2024-03-12 07:00,USDCAD_1100_LONG_BASE,1.34805,1,1.34805,-0.001,-0.06,0,0,0.00,-0.001,-0.06,0.01,0.00,1
17,Exit long,2024-03-21 09:00,TP_OR_SL,1.34994,1,1.35127,-0.001,-0.10,0,0.0002,0.01,-0.001,-0.10,0.01,0.00,2
17,Entry long,2024-03-21 07:00,USDCAD_1100_LONG_PEN_EXTREME,1.35127,1,1.35127,-0.001,-0.10,0,0.0002,0.01,-0.001,-0.10,0.01,0.00,2
18,Exit long,2024-06-27 08:00,TP_OR_SL,1.36871,1,1.36952,-0.001,-0.06,0,0.0002,0.01,-0.001,-0.06,0.01,0.00,1
18,Entry long,2024-06-27 07:00,USDCAD_1100_LONG_PEN_EXTREME,1.36952,1,1.36952,-0.001,-0.06,0,0.0002,0.01,-0.001,-0.06,0.01,0.00,1
19,Exit long,2024-07-05 08:00,TP_OR_SL,1.36255,1,1.36134,0.001,0.09,0,0.001,0.09,-0.001,-0.04,0.01,0.00,1
19,Entry long,2024-07-05 07:00,USDCAD_1100_LONG_PEN_EXTREME,1.36134,1,1.36134,0.001,0.09,0,0.001,0.09,-0.001,-0.04,0.01,0.00,1
20,Exit long,2024-07-10 08:00,TP_OR_SL,1.36288,1,1.36355,-0.001,-0.05,0,0.0001,0.01,-0.001,-0.05,0.01,0.00,1
20,Entry long,2024-07-10 07:00,USDCAD_1100_LONG_BASE,1.36355,1,1.36355,-0.001,-0.05,0,0.0001,0.01,-0.001,-0.05,0.01,0.00,1
21,Exit long,2024-07-18 10:00,TP_OR_SL,1.36944,1,1.36796,0.001,0.11,0,0.001,0.11,-0.0002,-0.01,0.01,0.00,3
21,Entry long,2024-07-18 07:00,USDCAD_1100_LONG_BASE,1.36796,1,1.36796,0.001,0.11,0,0.001,0.11,-0.0002,-0.01,0.01,0.00,3
22,Exit long,2024-08-14 08:00,TP_OR_SL,1.37062,1,1.37138,-0.001,-0.06,0,0.001,0.06,-0.001,-0.06,0.01,0.00,1
22,Entry long,2024-08-14 07:00,USDCAD_1100_LONG_BASE,1.37138,1,1.37138,-0.001,-0.06,0,0.001,0.06,-0.001,-0.06,0.01,0.00,1
23,Exit long,2024-09-12 10:00,TP_OR_SL,1.36023,1,1.35845,0.002,0.13,0,0.002,0.13,-0.001,-0.05,0.01,0.00,3
23,Entry long,2024-09-12 07:00,USDCAD_1100_LONG_PEN_EXTREME,1.35845,1,1.35845,0.002,0.13,0,0.002,0.13,-0.001,-0.05,0.01,0.00,3
24,Exit long,2024-10-29 09:00,TP_OR_SL,1.39046,1,1.38895,0.002,0.11,0,0.002,0.11,-0.00001,0.00,0.02,0.00,2
24,Entry long,2024-10-29 07:00,USDCAD_1100_LONG_BASE,1.38895,1,1.38895,0.002,0.11,0,0.002,0.11,-0.00001,0.00,0.02,0.00,2
25,Exit long,2024-12-12 09:00,TP_OR_SL,1.4181,1,1.41541,0.003,0.19,0,0.003,0.19,0,0.00,0.02,0.00,3
25,Entry long,2024-12-12 06:00,USDCAD_1100_LONG_PEN_EXTREME,1.41541,1,1.41541,0.003,0.19,0,0.003,0.19,0,0.00,0.02,0.00,3
26,Exit long,2025-03-21 09:00,TP_OR_SL,1.43648,1,1.4338,0.003,0.19,0,0.003,0.19,-0.001,-0.04,0.02,0.00,2
26,Entry long,2025-03-21 07:00,USDCAD_1100_LONG_BASE,1.4338,1,1.4338,0.003,0.19,0,0.003,0.19,-0.001,-0.04,0.02,0.00,2
27,Exit long,2025-04-15 08:00,TP_OR_SL,1.39088,1,1.38728,0.004,0.26,0,0.004,0.26,-0.0004,-0.03,0.02,0.00,1
27,Entry long,2025-04-15 07:00,USDCAD_1100_LONG_BASE,1.38728,1,1.38728,0.004,0.26,0,0.004,0.26,-0.0004,-0.03,0.02,0.00,1
28,Exit long,2025-04-18 08:00,TP_OR_SL,1.38488,1,1.38627,-0.001,-0.10,0,0.0001,0.01,-0.001,-0.10,0.02,0.00,1
28,Entry long,2025-04-18 07:00,USDCAD_1100_LONG_BASE,1.38627,1,1.38627,-0.001,-0.10,0,0.0001,0.01,-0.001,-0.10,0.02,0.00,1
29,Exit long,2025-04-23 10:00,TP_OR_SL,1.38589,1,1.3824,0.003,0.25,0,0.003,0.25,-0.0004,-0.03,0.03,0.00,3
29,Entry long,2025-04-23 07:00,USDCAD_1100_LONG_BASE,1.3824,1,1.3824,0.003,0.25,0,0.003,0.25,-0.0004,-0.03,0.03,0.00,3
30,Exit long,2025-04-24 10:00,TIME_EXIT,1.38796,1,1.38649,0.001,0.11,0,0.002,0.16,-0.001,-0.10,0.03,0.00,3
30,Entry long,2025-04-24 07:00,USDCAD_1100_LONG_PEN_EXTREME,1.38649,1,1.38649,0.001,0.11,0,0.002,0.16,-0.001,-0.10,0.03,0.00,3
31,Exit long,2025-05-14 10:00,TP_OR_SL,1.39659,1,1.39387,0.003,0.20,0,0.003,0.20,-0.001,-0.09,0.03,0.00,3
31,Entry long,2025-05-14 07:00,USDCAD_1100_LONG_BASE,1.39387,1,1.39387,0.003,0.20,0,0.003,0.20,-0.001,-0.09,0.03,0.00,3
32,Exit long,2025-07-10 10:00,TIME_EXIT,1.36911,1,1.36876,0.0004,0.03,0,0.002,0.15,-0.0003,-0.02,0.03,0.00,3
32,Entry long,2025-07-10 07:00,USDCAD_1100_LONG_PEN_EXTREME,1.36876,1,1.36876,0.0004,0.03,0,0.002,0.15,-0.0003,-0.02,0.03,0.00,3
33,Exit long,2025-09-01 10:00,TIME_EXIT,1.37484,1,1.3742,0.001,0.05,0,0.001,0.08,-0.0001,-0.01,0.03,0.00,3
33,Entry long,2025-09-01 07:00,USDCAD_1100_LONG_BASE,1.3742,1,1.3742,0.001,0.05,0,0.001,0.08,-0.0001,-0.01,0.03,0.00,3
34,Exit long,2025-09-18 09:00,TP_OR_SL,1.38019,1,1.37778,0.002,0.17,0,0.002,0.17,-0.0001,-0.01,0.03,0.00,2
34,Entry long,2025-09-18 07:00,USDCAD_1100_LONG_BASE,1.37778,1,1.37778,0.002,0.17,0,0.002,0.17,-0.0001,-0.01,0.03,0.00,2
35,Exit long,2025-09-29 10:00,TP_OR_SL,1.39205,1,1.39292,-0.001,-0.06,0,0.001,0.08,-0.001,-0.06,0.03,0.00,3
35,Entry long,2025-09-29 07:00,USDCAD_1100_LONG_BASE,1.39292,1,1.39292,-0.001,-0.06,0,0.001,0.08,-0.001,-0.06,0.03,0.00,3
36,Exit long,2025-10-09 08:00,TP_OR_SL,1.39453,1,1.39535,-0.001,-0.06,0,0.0001,0.01,-0.001,-0.06,0.03,0.00,1
36,Entry long,2025-10-09 07:00,USDCAD_1100_LONG_BASE,1.39535,1,1.39535,-0.001,-0.06,0,0.0001,0.01,-0.001,-0.06,0.03,0.00,1
37,Exit long,2025-11-26 09:00,TIME_EXIT,1.4084,1,1.40888,-0.0005,-0.03,0,0.001,0.09,-0.001,-0.06,0.03,0.00,3
37,Entry long,2025-11-26 06:00,USDCAD_1100_LONG_BASE,1.40888,1,1.40888,-0.0005,-0.03,0,0.001,0.09,-0.001,-0.06,0.03,0.00,3
38,Exit long,2025-12-18 08:00,TP_OR_SL,1.37738,1,1.37826,-0.001,-0.06,0,0.001,0.10,-0.001,-0.06,0.03,0.00,2
38,Entry long,2025-12-18 06:00,USDCAD_1100_LONG_BASE,1.37826,1,1.37826,-0.001,-0.06,0,0.001,0.10,-0.001,-0.06,0.03,0.00,2
39,Exit long,2026-01-06 09:00,TP_OR_SL,1.37598,1,1.37706,-0.001,-0.08,0,0.001,0.11,-0.001,-0.08,0.03,0.00,3
39,Entry long,2026-01-06 06:00,USDCAD_1100_LONG_BASE,1.37706,1,1.37706,-0.001,-0.08,0,0.001,0.11,-0.001,-0.08,0.03,0.00,3
40,Exit long,2026-02-11 08:00,TP_OR_SL,1.35636,1,1.35367,0.003,0.20,0,0.003,0.20,-0.0002,-0.01,0.03,0.00,2
40,Entry long,2026-02-11 06:00,USDCAD_1100_LONG_BASE,1.35367,1,1.35367,0.003,0.20,0,0.003,0.20,-0.0002,-0.01,0.03,0.00,2
41,Exit long,2026-02-19 09:00,TP_OR_SL,1.37143,1,1.36918,0.002,0.16,0,0.002,0.16,-0.001,-0.06,0.04,0.00,3
41,Entry long,2026-02-19 06:00,USDCAD_1100_LONG_PEN_EXTREME,1.36918,1,1.36918,0.002,0.16,0,0.002,0.16,-0.001,-0.06,0.04,0.00,3
42,Exit long,2026-03-02 09:00,TP_OR_SL,1.36873,1,1.36582,0.003,0.21,0,0.003,0.21,-0.001,-0.06,0.04,0.00,3
42,Entry long,2026-03-02 06:00,USDCAD_1100_LONG_BASE,1.36582,1,1.36582,0.003,0.21,0,0.003,0.21,-0.001,-0.06,0.04,0.00,3
43,Exit long,2026-04-22 09:00,TP_OR_SL,1.36546,1,1.36641,-0.001,-0.07,0,0.001,0.06,-0.001,-0.07,0.04,0.00,2
43,Entry long,2026-04-22 07:00,USDCAD_1100_LONG_PEN_EXTREME,1.36641,1,1.36641,-0.001,-0.07,0,0.001,0.06,-0.001,-0.07,0.04,0.00,2
44,Exit long,2026-05-07 10:00,TIME_EXIT,1.36349,1,1.36296,0.001,0.04,0,0.002,0.11,-0.001,-0.04,0.04,0.00,3
44,Entry long,2026-05-07 07:00,USDCAD_1100_LONG_BASE,1.36296,1,1.36296,0.001,0.04,0,0.002,0.11,-0.001,-0.04,0.04,0.00,3
45,Exit long,2026-05-26 09:00,TP_OR_SL,1.38051,1,1.38123,-0.001,-0.05,0,0.001,0.07,-0.001,-0.05,0.04,0.00,2
45,Entry long,2026-05-26 07:00,USDCAD_1100_LONG_PEN_EXTREME,1.38123,1,1.38123,-0.001,-0.05,0,0.001,0.07,-0.001,-0.05,0.04,0.00,2
46,Exit long,2026-06-15 08:00,TP_OR_SL,1.39716,1,1.3983,-0.001,-0.08,0,0.0001,0.01,-0.001,-0.08,0.04,0.00,1
46,Entry long,2026-06-15 07:00,USDCAD_1100_LONG_PEN_EXTREME,1.3983,1,1.3983,-0.001,-0.08,0,0.0001,0.01,-0.001,-0.08,0.04,0.00,1
47,Exit long,2026-06-16 10:00,TP_OR_SL,1.39974,1,1.40072,-0.001,-0.07,0,0.001,0.06,-0.001,-0.07,0.03,0.00,3
47,Entry long,2026-06-16 07:00,USDCAD_1100_LONG_PEN_EXTREME,1.40072,1,1.40072,-0.001,-0.07,0,0.001,0.06,-0.001,-0.07,0.03,0.00,3
48,Exit long,2026-07-02 08:00,TP_OR_SL,1.42039,1,1.42144,-0.001,-0.07,0,0.0005,0.03,-0.001,-0.07,0.03,0.00,1
48,Entry long,2026-07-02 07:00,USDCAD_1100_LONG_BASE,1.42144,1,1.42144,-0.001,-0.07,0,0.0005,0.03,-0.001,-0.07,0.03,0.00,1
49,Exit long,2026-07-08 09:00,TP_OR_SL,1.41755,1,1.4188,-0.001,-0.09,0,0.0001,0.01,-0.001,-0.09,0.03,0.00,2
49,Entry long,2026-07-08 07:00,USDCAD_1100_LONG_BASE,1.4188,1,1.4188,-0.001,-0.09,0,0.0001,0.01,-0.001,-0.09,0.03,0.00,2
50,Exit long,2026-07-21 09:00,TP_OR_SL,1.40855,1,1.40662,0.002,0.14,0,0.002,0.14,-0.0001,0.00,0.03,0.00,2
50,Entry long,2026-07-21 07:00,USDCAD_1100_LONG_BASE,1.40662,1,1.40662,0.002,0.14,0,0.002,0.14,-0.0001,0.00,0.03,0.00,2
51,Exit long,2026-07-24 08:00,TP_OR_SL,1.41064,1,1.40884,0.002,0.13,0,0.002,0.13,-0.0004,-0.03,0.04,0.00,1
51,Entry long,2026-07-24 07:00,USDCAD_1100_LONG_PEN_EXTREME,1.40884,1,1.40884,0.002,0.13,0,0.002,0.13,-0.0004,-0.03,0.04,0.00,1
52,Exit long,2026-08-04 10:00,TIME_EXIT,1.40574,1,1.40574,0,0.00,0,0.002,0.12,-0.001,-0.04,0.04,0.00,3
52,Entry long,2026-08-04 07:00,USDCAD_1100_LONG_PEN_EXTREME,1.40574,1,1.40574,0,0.00,0,0.002,0.12,-0.001,-0.04,0.04,0.00,3
53,Exit long,2026-08-13 08:00,TP_OR_SL,1.39381,1,1.39458,-0.001,-0.06,0,0.001,0.04,-0.001,-0.06,0.04,0.00,1
53,Entry long,2026-08-13 07:00,USDCAD_1100_LONG_PEN_EXTREME,1.39458,1,1.39458,-0.001,-0.06,0,0.001,0.04,-0.001,-0.06,0.04,0.00,1