Trade number,Type,Date and time,Signal,Price AUD,Size (qty),Size (value),Net PnL AUD,Return %,Commission AUD,Favorable excursion AUD,Favorable excursion %,Adverse excursion AUD,Adverse excursion %,Cumulative PnL AUD,Cumulative PnL %,Duration (bars)
1,Exit long,2023-01-06 08:00,TP_OR_SL,1.55654,1,1.55952,-0.003,-0.19,0,0.001,0.07,-0.003,-0.19,-0.003,0.00,2
1,Entry long,2023-01-06 06:00,EURAUD_1100_LONG,1.55952,1,1.55952,-0.003,-0.19,0,0.001,0.07,-0.003,-0.19,-0.003,0.00,2
2,Exit long,2023-01-10 09:00,TIME_EXIT,1.55834,1,1.55934,-0.001,-0.06,0,0.003,0.18,-0.003,-0.17,-0.004,0.00,3
2,Entry long,2023-01-10 06:00,EURAUD_1100_LONG,1.55934,1,1.55934,-0.001,-0.06,0,0.003,0.18,-0.003,-0.17,-0.004,0.00,3
3,Exit long,2023-01-11 09:00,TIME_EXIT,1.56131,1,1.55928,0.002,0.13,0,0.002,0.14,-0.001,-0.08,-0.002,0.00,3
3,Entry long,2023-01-11 06:00,EURAUD_1100_LONG,1.55928,1,1.55928,0.002,0.13,0,0.002,0.14,-0.001,-0.08,-0.002,0.00,3
4,Exit long,2023-01-12 08:00,TP_OR_SL,1.55691,1,1.55918,-0.002,-0.15,0,0.004,0.27,-0.002,-0.15,-0.004,0.00,2
4,Entry long,2023-01-12 06:00,EURAUD_1100_LONG,1.55918,1,1.55918,-0.002,-0.15,0,0.004,0.27,-0.002,-0.15,-0.004,0.00,2
5,Exit long,2023-01-17 09:00,TIME_EXIT,1.55885,1,1.55837,0.0005,0.03,0,0.004,0.25,-0.001,-0.06,-0.004,0.00,3
5,Entry long,2023-01-17 06:00,EURAUD_1100_LONG,1.55837,1,1.55837,0.0005,0.03,0,0.004,0.25,-0.001,-0.06,-0.004,0.00,3
6,Exit long,2023-01-19 08:00,TP_OR_SL,1.56927,1,1.5724,-0.003,-0.20,0,0.001,0.05,-0.003,-0.20,-0.01,0.00,2
6,Entry long,2023-01-19 06:00,EURAUD_1100_LONG,1.5724,1,1.5724,-0.003,-0.20,0,0.001,0.05,-0.003,-0.20,-0.01,0.00,2
7,Exit long,2023-01-30 09:00,TIME_EXIT,1.53976,1,1.54018,-0.0004,-0.03,0,0.0003,0.02,-0.001,-0.09,-0.01,0.00,3
7,Entry long,2023-01-30 06:00,EURAUD_1100_LONG,1.54018,1,1.54018,-0.0004,-0.03,0,0.0003,0.02,-0.001,-0.09,-0.01,0.00,3
8,Exit long,2023-01-31 08:00,TP_OR_SL,1.54597,1,1.54856,-0.003,-0.17,0,0.0003,0.02,-0.003,-0.17,-0.01,0.00,2
8,Entry long,2023-01-31 06:00,EURAUD_1100_LONG,1.54856,1,1.54856,-0.003,-0.17,0,0.0003,0.02,-0.003,-0.17,-0.01,0.00,2
9,Exit long,2023-02-02 07:00,TP_OR_SL,1.54093,1,1.54328,-0.002,-0.15,0,0.0003,0.02,-0.002,-0.15,-0.01,0.00,1
9,Entry long,2023-02-02 06:00,EURAUD_1100_LONG,1.54328,1,1.54328,-0.002,-0.15,0,0.0003,0.02,-0.002,-0.15,-0.01,0.00,1
10,Exit long,2023-02-03 08:00,TP_OR_SL,1.55334,1,1.54876,0.005,0.30,0,0.005,0.30,-0.001,-0.10,-0.01,0.00,2
10,Entry long,2023-02-03 06:00,EURAUD_1100_LONG,1.54876,1,1.54876,0.005,0.30,0,0.005,0.30,-0.001,-0.10,-0.01,0.00,2
11,Exit long,2023-02-06 09:00,TIME_EXIT,1.56186,1,1.56008,0.002,0.11,0,0.003,0.20,-0.002,-0.10,-0.01,0.00,3
11,Entry long,2023-02-06 06:00,EURAUD_1100_LONG,1.56008,1,1.56008,0.002,0.11,0,0.003,0.20,-0.002,-0.10,-0.01,0.00,3
12,Exit long,2023-02-15 08:00,TP_OR_SL,1.55205,1,1.55468,-0.003,-0.17,0,0.001,0.03,-0.003,-0.17,-0.01,0.00,2
12,Entry long,2023-02-15 06:00,EURAUD_1100_LONG,1.55468,1,1.55468,-0.003,-0.17,0,0.001,0.03,-0.003,-0.17,-0.01,0.00,2
13,Exit long,2023-02-17 07:00,TP_OR_SL,1.5566,1,1.55892,-0.002,-0.15,0,0,0.00,-0.002,-0.15,-0.01,0.00,1
13,Entry long,2023-02-17 06:00,EURAUD_1100_LONG,1.55892,1,1.55892,-0.002,-0.15,0,0,0.00,-0.002,-0.15,-0.01,0.00,1
14,Exit long,2023-02-24 08:00,TP_OR_SL,1.56773,1,1.56358,0.004,0.27,0,0.004,0.27,-0.0002,-0.01,-0.01,0.00,2
14,Entry long,2023-02-24 06:00,EURAUD_1100_LONG,1.56358,1,1.56358,0.004,0.27,0,0.004,0.27,-0.0002,-0.01,-0.01,0.00,2
15,Exit long,2023-02-27 09:00,TP_OR_SL,1.57675,1,1.57267,0.004,0.26,0,0.004,0.26,-0.001,-0.05,-0.003,0.00,3
15,Entry long,2023-02-27 06:00,EURAUD_1100_LONG,1.57267,1,1.57267,0.004,0.26,0,0.004,0.26,-0.001,-0.05,-0.003,0.00,3
16,Exit long,2023-03-01 09:00,TP_OR_SL,1.58081,1,1.57522,0.01,0.35,0,0.01,0.35,-0.002,-0.10,0.003,0.00,3
16,Entry long,2023-03-01 06:00,EURAUD_1100_LONG,1.57522,1,1.57522,0.01,0.35,0,0.01,0.35,-0.002,-0.10,0.003,0.00,3
17,Exit long,2023-03-06 08:00,TP_OR_SL,1.58091,1,1.58322,-0.002,-0.15,0,0.0002,0.01,-0.002,-0.15,0.001,0.00,2
17,Entry long,2023-03-06 06:00,EURAUD_1100_LONG,1.58322,1,1.58322,-0.002,-0.15,0,0.0002,0.01,-0.002,-0.15,0.001,0.00,2
18,Exit long,2023-03-07 09:00,TIME_EXIT,1.60036,1,1.59942,0.001,0.06,0,0.002,0.13,-0.001,-0.05,0.002,0.00,3
18,Entry long,2023-03-07 06:00,EURAUD_1100_LONG,1.59942,1,1.59942,0.001,0.06,0,0.002,0.13,-0.001,-0.05,0.002,0.00,3
19,Exit long,2023-03-20 09:00,TP_OR_SL,1.59607,1,1.59916,-0.003,-0.19,0,0.001,0.08,-0.003,-0.19,-0.001,0.00,2
19,Entry long,2023-03-20 07:00,EURAUD_1100_LONG,1.59916,1,1.59916,-0.003,-0.19,0,0.001,0.08,-0.003,-0.19,-0.001,0.00,2
20,Exit long,2023-03-21 10:00,TP_OR_SL,1.61822,1,1.61289,0.01,0.33,0,0.01,0.33,-0.001,-0.06,0.004,0.00,3
20,Entry long,2023-03-21 07:00,EURAUD_1100_LONG,1.61289,1,1.61289,0.01,0.33,0,0.01,0.33,-0.001,-0.06,0.004,0.00,3
21,Exit long,2023-03-22 10:00,TIME_EXIT,1.61494,1,1.61482,0.0001,0.01,0,0.001,0.07,-0.002,-0.14,0.004,0.00,3
21,Entry long,2023-03-22 07:00,EURAUD_1100_LONG,1.61482,1,1.61482,0.0001,0.01,0,0.001,0.07,-0.002,-0.14,0.004,0.00,3
22,Exit long,2023-03-27 09:00,TP_OR_SL,1.62517,1,1.61996,0.01,0.32,0,0.01,0.32,-0.0004,-0.02,0.01,0.00,2
22,Entry long,2023-03-27 07:00,EURAUD_1100_LONG,1.61996,1,1.61996,0.01,0.32,0,0.01,0.32,-0.0004,-0.02,0.01,0.00,2
23,Exit long,2023-03-28 10:00,TP_OR_SL,1.6191,1,1.62132,-0.002,-0.14,0,0.002,0.14,-0.002,-0.14,0.01,0.00,3
23,Entry long,2023-03-28 07:00,EURAUD_1100_LONG,1.62132,1,1.62132,-0.002,-0.14,0,0.002,0.14,-0.002,-0.14,0.01,0.00,3
24,Exit long,2023-03-29 09:00,TP_OR_SL,1.62353,1,1.62589,-0.002,-0.15,0,0.001,0.04,-0.002,-0.15,0.005,0.00,2
24,Entry long,2023-03-29 07:00,EURAUD_1100_LONG,1.62589,1,1.62589,-0.002,-0.15,0,0.001,0.04,-0.002,-0.15,0.005,0.00,2
25,Exit long,2023-03-30 08:00,TP_OR_SL,1.62887,1,1.62432,0.005,0.28,0,0.005,0.28,-0.00002,0.00,0.01,0.00,1
25,Entry long,2023-03-30 07:00,EURAUD_1100_LONG,1.62432,1,1.62432,0.005,0.28,0,0.005,0.28,-0.00002,0.00,0.01,0.00,1
26,Exit long,2023-04-06 09:00,TP_OR_SL,1.63519,1,1.63054,0.005,0.29,0,0.005,0.29,-0.002,-0.10,0.01,0.00,2
26,Entry long,2023-04-06 07:00,EURAUD_1100_LONG,1.63054,1,1.63054,0.005,0.29,0,0.005,0.29,-0.002,-0.10,0.01,0.00,2
27,Exit long,2023-04-07 08:00,TP_OR_SL,1.63357,1,1.63531,-0.002,-0.11,0,0,0.00,-0.002,-0.11,0.01,0.00,1
27,Entry long,2023-04-07 07:00,EURAUD_1100_LONG,1.63531,1,1.63531,-0.002,-0.11,0,0,0.00,-0.002,-0.11,0.01,0.00,1
28,Exit long,2023-04-11 10:00,TIME_EXIT,1.63987,1,1.63879,0.001,0.07,0,0.002,0.13,-0.001,-0.05,0.01,0.00,3
28,Entry long,2023-04-11 07:00,EURAUD_1100_LONG,1.63879,1,1.63879,0.001,0.07,0,0.002,0.13,-0.001,-0.05,0.01,0.00,3
29,Exit long,2023-04-21 09:00,TP_OR_SL,1.63756,1,1.6398,-0.002,-0.14,0,0.0005,0.03,-0.002,-0.14,0.01,0.00,2
29,Entry long,2023-04-21 07:00,EURAUD_1100_LONG,1.6398,1,1.6398,-0.002,-0.14,0,0.0005,0.03,-0.002,-0.14,0.01,0.00,2
30,Exit long,2023-04-24 10:00,TIME_EXIT,1.6477,1,1.64669,0.001,0.06,0,0.004,0.26,-0.0001,-0.01,0.01,0.00,3
30,Entry long,2023-04-24 07:00,EURAUD_1100_LONG,1.64669,1,1.64669,0.001,0.06,0,0.004,0.26,-0.0001,-0.01,0.01,0.00,3
31,Exit long,2023-04-26 09:00,TP_OR_SL,1.67847,1,1.67306,0.01,0.32,0,0.01,0.32,-0.002,-0.10,0.02,0.00,2
31,Entry long,2023-04-26 07:00,EURAUD_1100_LONG,1.67306,1,1.67306,0.01,0.32,0,0.01,0.32,-0.002,-0.10,0.02,0.00,2
32,Exit long,2023-05-16 08:00,TP_OR_SL,1.62957,1,1.63165,-0.002,-0.13,0,0.00003,0.00,-0.002,-0.13,0.02,0.00,1
32,Entry long,2023-05-16 07:00,EURAUD_1100_LONG,1.63165,1,1.63165,-0.002,-0.13,0,0.00003,0.00,-0.002,-0.13,0.02,0.00,1
33,Exit long,2023-05-22 10:00,TP_OR_SL,1.62724,1,1.62943,-0.002,-0.13,0,0.001,0.04,-0.002,-0.13,0.01,0.00,3
33,Entry long,2023-05-22 07:00,EURAUD_1100_LONG,1.62943,1,1.62943,-0.002,-0.13,0,0.001,0.04,-0.002,-0.13,0.01,0.00,3
34,Exit long,2023-05-24 09:00,TP_OR_SL,1.64387,1,1.63918,0.005,0.29,0,0.005,0.29,-0.001,-0.03,0.02,0.00,2
34,Entry long,2023-05-24 07:00,EURAUD_1100_LONG,1.63918,1,1.63918,0.005,0.29,0,0.005,0.29,-0.001,-0.03,0.02,0.00,2
35,Exit long,2023-05-25 10:00,TP_OR_SL,1.64838,1,1.64408,0.004,0.26,0,0.004,0.26,-0.002,-0.09,0.02,0.00,3
35,Entry long,2023-05-25 07:00,EURAUD_1100_LONG,1.64408,1,1.64408,0.004,0.26,0,0.004,0.26,-0.002,-0.09,0.02,0.00,3
36,Exit long,2023-05-31 10:00,TIME_EXIT,1.64742,1,1.64896,-0.002,-0.09,0,0.003,0.16,-0.002,-0.12,0.02,0.00,3
36,Entry long,2023-05-31 07:00,EURAUD_1100_LONG,1.64896,1,1.64896,-0.002,-0.09,0,0.003,0.16,-0.002,-0.12,0.02,0.00,3
37,Exit long,2023-06-19 10:00,TIME_EXIT,1.59554,1,1.59558,-0.00004,0.00,0,0.001,0.08,-0.002,-0.11,0.02,0.00,3
37,Entry long,2023-06-19 07:00,EURAUD_1100_LONG,1.59558,1,1.59558,-0.00004,0.00,0,0.001,0.08,-0.002,-0.11,0.02,0.00,3
38,Exit long,2023-06-20 10:00,TIME_EXIT,1.6117,1,1.61078,0.001,0.06,0,0.004,0.23,-0.0005,-0.03,0.02,0.00,3
38,Entry long,2023-06-20 07:00,EURAUD_1100_LONG,1.61078,1,1.61078,0.001,0.06,0,0.004,0.23,-0.0005,-0.03,0.02,0.00,3
39,Exit long,2023-06-21 10:00,TIME_EXIT,1.61792,1,1.61584,0.002,0.13,0,0.003,0.18,-0.001,-0.06,0.02,0.00,3
39,Entry long,2023-06-21 07:00,EURAUD_1100_LONG,1.61584,1,1.61584,0.002,0.13,0,0.003,0.18,-0.001,-0.06,0.02,0.00,3
40,Exit long,2023-06-23 08:00,TP_OR_SL,1.63332,1,1.62724,0.01,0.37,0,0.01,0.37,-0.0002,-0.01,0.03,0.00,1
40,Entry long,2023-06-23 07:00,EURAUD_1100_LONG,1.62724,1,1.62724,0.01,0.37,0,0.01,0.37,-0.0002,-0.01,0.03,0.00,1
41,Exit long,2023-06-26 10:00,TIME_EXIT,1.63404,1,1.63382,0.0002,0.01,0,0.003,0.16,-0.001,-0.07,0.03,0.00,3
41,Entry long,2023-06-26 07:00,EURAUD_1100_LONG,1.63382,1,1.63382,0.0002,0.01,0,0.003,0.16,-0.001,-0.07,0.03,0.00,3
42,Exit long,2023-06-27 10:00,TIME_EXIT,1.63589,1,1.63644,-0.001,-0.03,0,0.002,0.13,-0.002,-0.14,0.03,0.00,3
42,Entry long,2023-06-27 07:00,EURAUD_1100_LONG,1.63644,1,1.63644,-0.001,-0.03,0,0.002,0.13,-0.002,-0.14,0.03,0.00,3
43,Exit long,2023-06-28 10:00,TIME_EXIT,1.65156,1,1.65186,-0.0003,-0.02,0,0.004,0.21,-0.003,-0.16,0.03,0.00,3
43,Entry long,2023-06-28 07:00,EURAUD_1100_LONG,1.65186,1,1.65186,-0.0003,-0.02,0,0.004,0.21,-0.003,-0.16,0.03,0.00,3
44,Exit long,2023-07-18 09:00,TP_OR_SL,1.6511,1,1.65376,-0.003,-0.16,0,0.0001,0.01,-0.003,-0.16,0.03,0.00,2
44,Entry long,2023-07-18 07:00,EURAUD_1100_LONG,1.65376,1,1.65376,-0.003,-0.16,0,0.0001,0.01,-0.003,-0.16,0.03,0.00,2
45,Exit long,2023-07-28 10:00,TIME_EXIT,1.65477,1,1.65042,0.004,0.26,0,0.01,0.36,-0.001,-0.07,0.03,0.00,3
45,Entry long,2023-07-28 07:00,EURAUD_1100_LONG,1.65042,1,1.65042,0.004,0.26,0,0.01,0.36,-0.001,-0.07,0.03,0.00,3
46,Exit long,2023-08-01 10:00,TIME_EXIT,1.65876,1,1.6558,0.003,0.18,0,0.004,0.25,-0.001,-0.07,0.03,0.00,3
46,Entry long,2023-08-01 07:00,EURAUD_1100_LONG,1.6558,1,1.6558,0.003,0.18,0,0.004,0.25,-0.001,-0.07,0.03,0.00,3
47,Exit long,2023-08-02 10:00,TIME_EXIT,1.67089,1,1.6694,0.001,0.09,0,0.004,0.24,-0.001,-0.04,0.04,0.00,3
47,Entry long,2023-08-02 07:00,EURAUD_1100_LONG,1.6694,1,1.6694,0.001,0.09,0,0.004,0.24,-0.001,-0.04,0.04,0.00,3
48,Exit long,2023-08-04 08:00,TP_OR_SL,1.66821,1,1.6708,-0.003,-0.16,0,0.001,0.08,-0.003,-0.16,0.03,0.00,1
48,Entry long,2023-08-04 07:00,EURAUD_1100_LONG,1.6708,1,1.6708,-0.003,-0.16,0,0.001,0.08,-0.003,-0.16,0.03,0.00,1
49,Exit long,2023-08-09 10:00,TP_OR_SL,1.68297,1,1.67775,0.01,0.31,0,0.01,0.31,-0.001,-0.03,0.04,0.00,3
49,Entry long,2023-08-09 07:00,EURAUD_1100_LONG,1.67775,1,1.67775,0.01,0.31,0,0.01,0.31,-0.001,-0.03,0.04,0.00,3
50,Exit long,2023-08-15 08:00,TP_OR_SL,1.68646,1,1.68952,-0.003,-0.18,0,0.0003,0.02,-0.003,-0.18,0.03,0.00,1
50,Entry long,2023-08-15 07:00,EURAUD_1100_LONG,1.68952,1,1.68952,-0.003,-0.18,0,0.0003,0.02,-0.003,-0.18,0.03,0.00,1
51,Exit long,2023-08-16 10:00,TIME_EXIT,1.68946,1,1.6901,-0.001,-0.04,0,0.004,0.25,-0.002,-0.11,0.03,0.00,3
51,Entry long,2023-08-16 07:00,EURAUD_1100_LONG,1.6901,1,1.6901,-0.001,-0.04,0,0.004,0.25,-0.002,-0.11,0.03,0.00,3
52,Exit long,2023-08-18 09:00,TP_OR_SL,1.69778,1,1.70053,-0.003,-0.16,0,0.001,0.04,-0.003,-0.16,0.03,0.00,2
52,Entry long,2023-08-18 07:00,EURAUD_1100_LONG,1.70053,1,1.70053,-0.003,-0.16,0,0.001,0.04,-0.003,-0.16,0.03,0.00,2
53,Exit long,2023-09-05 08:00,TP_OR_SL,1.68374,1,1.68616,-0.002,-0.14,0,0.0004,0.02,-0.002,-0.14,0.03,0.00,1
53,Entry long,2023-09-05 07:00,EURAUD_1100_LONG,1.68616,1,1.68616,-0.002,-0.14,0,0.0004,0.02,-0.002,-0.14,0.03,0.00,1
54,Exit long,2023-09-13 08:00,TP_OR_SL,1.67933,1,1.67526,0.004,0.24,0,0.004,0.24,-0.0002,-0.01,0.03,0.00,1
54,Entry long,2023-09-13 07:00,EURAUD_1100_LONG,1.67526,1,1.67526,0.004,0.24,0,0.004,0.24,-0.0002,-0.01,0.03,0.00,1
55,Exit long,2023-09-27 09:00,TP_OR_SL,1.65307,1,1.65524,-0.002,-0.13,0,0.0004,0.03,-0.002,-0.13,0.03,0.00,2
55,Entry long,2023-09-27 07:00,EURAUD_1100_LONG,1.65524,1,1.65524,-0.002,-0.13,0,0.0004,0.03,-0.002,-0.13,0.03,0.00,2
56,Exit long,2023-10-03 10:00,TP_OR_SL,1.65884,1,1.6616,-0.003,-0.17,0,0.0002,0.01,-0.003,-0.17,0.03,0.00,3
56,Entry long,2023-10-03 07:00,EURAUD_1100_LONG,1.6616,1,1.6616,-0.003,-0.17,0,0.0002,0.01,-0.003,-0.17,0.03,0.00,3
57,Exit long,2023-10-04 10:00,TIME_EXIT,1.66268,1,1.66124,0.001,0.09,0,0.002,0.13,-0.002,-0.14,0.03,0.00,3
57,Entry long,2023-10-04 07:00,EURAUD_1100_LONG,1.66124,1,1.66124,0.001,0.09,0,0.002,0.13,-0.002,-0.14,0.03,0.00,3
58,Exit long,2023-10-06 08:00,TP_OR_SL,1.65966,1,1.66168,-0.002,-0.12,0,0.002,0.13,-0.002,-0.12,0.03,0.00,1
58,Entry long,2023-10-06 07:00,EURAUD_1100_LONG,1.66168,1,1.66168,-0.002,-0.12,0,0.002,0.13,-0.002,-0.12,0.03,0.00,1
59,Exit long,2023-10-12 10:00,TP_OR_SL,1.66152,1,1.65771,0.004,0.23,0,0.004,0.23,-0.001,-0.06,0.03,0.00,3
59,Entry long,2023-10-12 07:00,EURAUD_1100_LONG,1.65771,1,1.65771,0.004,0.23,0,0.004,0.23,-0.001,-0.06,0.03,0.00,3
60,Exit long,2023-10-19 10:00,TIME_EXIT,1.67356,1,1.6727,0.001,0.05,0,0.001,0.08,-0.001,-0.07,0.03,0.00,3
60,Entry long,2023-10-19 07:00,EURAUD_1100_LONG,1.6727,1,1.6727,0.001,0.05,0,0.001,0.08,-0.001,-0.07,0.03,0.00,3
61,Exit long,2023-10-20 09:00,TP_OR_SL,1.67547,1,1.67756,-0.002,-0.12,0,0.001,0.03,-0.002,-0.12,0.03,0.00,2
61,Entry long,2023-10-20 07:00,EURAUD_1100_LONG,1.67756,1,1.67756,-0.002,-0.12,0,0.001,0.03,-0.002,-0.12,0.03,0.00,2
62,Exit long,2023-10-31 10:00,TIME_EXIT,1.67346,1,1.67434,-0.001,-0.05,0,0.001,0.05,-0.002,-0.11,0.03,0.00,3
62,Entry long,2023-10-31 07:00,EURAUD_1100_LONG,1.67434,1,1.67434,-0.001,-0.05,0,0.001,0.05,-0.002,-0.11,0.03,0.00,3
63,Exit long,2023-11-09 08:00,TP_OR_SL,1.66845,1,1.67048,-0.002,-0.12,0,0.001,0.05,-0.002,-0.12,0.03,0.00,2
63,Entry long,2023-11-09 06:00,EURAUD_1100_LONG,1.67048,1,1.67048,-0.002,-0.12,0,0.001,0.05,-0.002,-0.12,0.03,0.00,2
64,Exit long,2023-11-10 09:00,TIME_EXIT,1.6808,1,1.68111,-0.0003,-0.02,0,0.0004,0.02,-0.002,-0.11,0.03,0.00,3
64,Entry long,2023-11-10 06:00,EURAUD_1100_LONG,1.68111,1,1.68111,-0.0003,-0.02,0,0.0004,0.02,-0.002,-0.11,0.03,0.00,3
65,Exit long,2023-11-14 08:00,TP_OR_SL,1.68133,1,1.68311,-0.002,-0.11,0,0.001,0.06,-0.002,-0.11,0.02,0.00,2
65,Entry long,2023-11-14 06:00,EURAUD_1100_LONG,1.68311,1,1.68311,-0.002,-0.11,0,0.001,0.06,-0.002,-0.11,0.02,0.00,2
66,Exit long,2023-12-05 09:00,TIME_EXIT,1.64988,1,1.64882,0.001,0.06,0,0.003,0.18,-0.001,-0.06,0.03,0.00,3
66,Entry long,2023-12-05 06:00,EURAUD_1100_LONG,1.64882,1,1.64882,0.001,0.06,0,0.003,0.18,-0.001,-0.06,0.03,0.00,3
67,Exit long,2023-12-29 08:00,TP_OR_SL,1.62647,1,1.62884,-0.002,-0.15,0,0.002,0.10,-0.002,-0.15,0.02,0.00,2
67,Entry long,2023-12-29 06:00,EURAUD_1100_LONG,1.62884,1,1.62884,-0.002,-0.15,0,0.002,0.10,-0.002,-0.15,0.02,0.00,2
68,Exit long,2024-01-03 09:00,TP_OR_SL,1.62728,1,1.62268,0.005,0.28,0,0.005,0.28,-0.0004,-0.02,0.03,0.00,3
68,Entry long,2024-01-03 06:00,EURAUD_1100_LONG,1.62268,1,1.62268,0.005,0.28,0,0.005,0.28,-0.0004,-0.02,0.03,0.00,3
69,Exit long,2024-01-04 09:00,TP_OR_SL,1.632,1,1.62704,0.005,0.30,0,0.005,0.30,-0.0001,-0.01,0.03,0.00,3
69,Entry long,2024-01-04 06:00,EURAUD_1100_LONG,1.62704,1,1.62704,0.005,0.30,0,0.005,0.30,-0.0001,-0.01,0.03,0.00,3
70,Exit long,2024-01-05 08:00,TP_OR_SL,1.63822,1,1.63372,0.005,0.28,0,0.005,0.28,-0.001,-0.07,0.04,0.00,2
70,Entry long,2024-01-05 06:00,EURAUD_1100_LONG,1.63372,1,1.63372,0.005,0.28,0,0.005,0.28,-0.001,-0.07,0.04,0.00,2
71,Exit long,2024-01-08 09:00,TIME_EXIT,1.6354,1,1.63653,-0.001,-0.07,0,0.004,0.22,-0.001,-0.08,0.04,0.00,3
71,Entry long,2024-01-08 06:00,EURAUD_1100_LONG,1.63653,1,1.63653,-0.001,-0.07,0,0.004,0.22,-0.001,-0.08,0.04,0.00,3
72,Exit long,2024-01-09 09:00,TIME_EXIT,1.63571,1,1.63366,0.002,0.13,0,0.002,0.14,-0.001,-0.09,0.04,0.00,3
72,Entry long,2024-01-09 06:00,EURAUD_1100_LONG,1.63366,1,1.63366,0.002,0.13,0,0.002,0.14,-0.001,-0.09,0.04,0.00,3
73,Exit long,2024-01-11 08:00,TP_OR_SL,1.63953,1,1.63603,0.004,0.21,0,0.004,0.21,-0.0002,-0.01,0.04,0.00,2
73,Entry long,2024-01-11 06:00,EURAUD_1100_LONG,1.63603,1,1.63603,0.004,0.21,0,0.004,0.21,-0.0002,-0.01,0.04,0.00,2
74,Exit long,2024-01-31 09:00,TP_OR_SL,1.64502,1,1.64742,-0.002,-0.15,0,0.0002,0.01,-0.002,-0.15,0.04,0.00,3
74,Entry long,2024-01-31 06:00,EURAUD_1100_LONG,1.64742,1,1.64742,-0.002,-0.15,0,0.0002,0.01,-0.002,-0.15,0.04,0.00,3
75,Exit long,2024-02-01 09:00,TIME_EXIT,1.65688,1,1.65814,-0.001,-0.08,0,0.002,0.15,-0.002,-0.10,0.04,0.00,3
75,Entry long,2024-02-01 06:00,EURAUD_1100_LONG,1.65814,1,1.65814,-0.001,-0.08,0,0.002,0.15,-0.002,-0.10,0.04,0.00,3
76,Exit long,2024-02-08 09:00,TIME_EXIT,1.65954,1,1.65658,0.003,0.18,0,0.003,0.19,-0.001,-0.06,0.04,0.00,3
76,Entry long,2024-02-08 06:00,EURAUD_1100_LONG,1.65658,1,1.65658,0.003,0.18,0,0.003,0.19,-0.001,-0.06,0.04,0.00,3
77,Exit long,2024-02-26 09:00,TIME_EXIT,1.65864,1,1.65661,0.002,0.12,0,0.003,0.17,-0.002,-0.09,0.04,0.00,3
77,Entry long,2024-02-26 06:00,EURAUD_1100_LONG,1.65661,1,1.65661,0.002,0.12,0,0.003,0.17,-0.002,-0.09,0.04,0.00,3
78,Exit long,2024-02-28 08:00,TP_OR_SL,1.66708,1,1.66382,0.003,0.20,0,0.003,0.20,-0.0004,-0.02,0.05,0.00,2
78,Entry long,2024-02-28 06:00,EURAUD_1100_LONG,1.66382,1,1.66382,0.003,0.20,0,0.003,0.20,-0.0004,-0.02,0.05,0.00,2
79,Exit long,2024-02-29 08:00,TP_OR_SL,1.6651,1,1.66718,-0.002,-0.12,0,0.002,0.13,-0.002,-0.12,0.04,0.00,2
79,Entry long,2024-02-29 06:00,EURAUD_1100_LONG,1.66718,1,1.66718,-0.002,-0.12,0,0.002,0.13,-0.002,-0.12,0.04,0.00,2
80,Exit long,2024-03-04 09:00,TIME_EXIT,1.66534,1,1.6644,0.001,0.06,0,0.002,0.13,-0.002,-0.10,0.05,0.00,3
80,Entry long,2024-03-04 06:00,EURAUD_1100_LONG,1.6644,1,1.6644,0.001,0.06,0,0.002,0.13,-0.002,-0.10,0.05,0.00,3
81,Exit long,2024-03-13 09:00,TP_OR_SL,1.65311,1,1.6547,-0.002,-0.10,0,0.001,0.05,-0.002,-0.10,0.04,0.00,2
81,Entry long,2024-03-13 07:00,EURAUD_1100_LONG,1.6547,1,1.6547,-0.002,-0.10,0,0.001,0.05,-0.002,-0.10,0.04,0.00,2
82,Exit long,2024-03-18 09:00,TP_OR_SL,1.65755,1,1.659,-0.001,-0.09,0,0.0002,0.01,-0.001,-0.09,0.04,0.00,2
82,Entry long,2024-03-18 07:00,EURAUD_1100_LONG,1.659,1,1.659,-0.001,-0.09,0,0.0002,0.01,-0.001,-0.09,0.04,0.00,2
83,Exit long,2024-03-22 09:00,TP_OR_SL,1.65873,1,1.66074,-0.002,-0.12,0,0,0.00,-0.002,-0.12,0.04,0.00,2
83,Entry long,2024-03-22 07:00,EURAUD_1100_LONG,1.66074,1,1.66074,-0.002,-0.12,0,0,0.00,-0.002,-0.12,0.04,0.00,2
84,Exit long,2024-04-16 09:00,TP_OR_SL,1.66006,1,1.65622,0.004,0.23,0,0.004,0.23,-0.00004,0.00,0.04,0.00,2
84,Entry long,2024-04-16 07:00,EURAUD_1100_LONG,1.65622,1,1.65622,0.004,0.23,0,0.004,0.23,-0.00004,0.00,0.04,0.00,2
85,Exit long,2024-04-19 10:00,TIME_EXIT,1.66159,1,1.66154,0.0001,0.00,0,0.001,0.06,-0.002,-0.11,0.04,0.00,3
85,Entry long,2024-04-19 07:00,EURAUD_1100_LONG,1.66154,1,1.66154,0.0001,0.00,0,0.001,0.06,-0.002,-0.11,0.04,0.00,3
86,Exit long,2024-04-30 08:00,TP_OR_SL,1.64583,1,1.64222,0.004,0.22,0,0.004,0.22,-0.001,-0.04,0.05,0.00,1
86,Entry long,2024-04-30 07:00,EURAUD_1100_LONG,1.64222,1,1.64222,0.004,0.22,0,0.004,0.22,-0.001,-0.04,0.05,0.00,1
87,Exit long,2024-05-08 10:00,TP_OR_SL,1.63551,1,1.63712,-0.002,-0.10,0,0.001,0.07,-0.002,-0.10,0.05,0.00,3
87,Entry long,2024-05-08 07:00,EURAUD_1100_LONG,1.63712,1,1.63712,-0.002,-0.10,0,0.001,0.07,-0.002,-0.10,0.05,0.00,3
88,Exit long,2024-05-24 10:00,TP_OR_SL,1.63746,1,1.63898,-0.002,-0.09,0,0.002,0.10,-0.002,-0.09,0.04,0.00,3
88,Entry long,2024-05-24 07:00,EURAUD_1100_LONG,1.63898,1,1.63898,-0.002,-0.09,0,0.002,0.10,-0.002,-0.09,0.04,0.00,3
89,Exit long,2024-06-05 10:00,TP_OR_SL,1.63857,1,1.63511,0.003,0.21,0,0.003,0.21,-0.0002,-0.01,0.05,0.00,3
89,Entry long,2024-06-05 07:00,EURAUD_1100_LONG,1.63511,1,1.63511,0.003,0.21,0,0.003,0.21,-0.0002,-0.01,0.05,0.00,3
90,Exit long,2024-06-06 08:00,TP_OR_SL,1.64032,1,1.63725,0.003,0.19,0,0.003,0.19,-0.001,-0.04,0.05,0.00,1
90,Entry long,2024-06-06 07:00,EURAUD_1100_LONG,1.63725,1,1.63725,0.003,0.19,0,0.003,0.19,-0.001,-0.04,0.05,0.00,1
91,Exit long,2024-06-17 10:00,TIME_EXIT,1.62548,1,1.62443,0.001,0.06,0,0.002,0.12,-0.001,-0.06,0.05,0.00,3
91,Entry long,2024-06-17 07:00,EURAUD_1100_LONG,1.62443,1,1.62443,0.001,0.06,0,0.002,0.12,-0.001,-0.06,0.05,0.00,3
92,Exit long,2024-06-24 09:00,TP_OR_SL,1.6144,1,1.61609,-0.002,-0.10,0,0.00003,0.00,-0.002,-0.10,0.05,0.00,2
92,Entry long,2024-06-24 07:00,EURAUD_1100_LONG,1.61609,1,1.61609,-0.002,-0.10,0,0.00003,0.00,-0.002,-0.10,0.05,0.00,2
93,Exit long,2024-07-12 09:00,TP_OR_SL,1.60603,1,1.60764,-0.002,-0.10,0,0.001,0.05,-0.002,-0.10,0.05,0.00,2
93,Entry long,2024-07-12 07:00,EURAUD_1100_LONG,1.60764,1,1.60764,-0.002,-0.10,0,0.001,0.05,-0.002,-0.10,0.05,0.00,2
94,Exit long,2024-07-15 10:00,TIME_EXIT,1.61114,1,1.60905,0.002,0.13,0,0.003,0.16,-0.0003,-0.02,0.05,0.00,3
94,Entry long,2024-07-15 07:00,EURAUD_1100_LONG,1.60905,1,1.60905,0.002,0.13,0,0.003,0.16,-0.0003,-0.02,0.05,0.00,3
95,Exit long,2024-07-17 10:00,TP_OR_SL,1.62533,1,1.62215,0.003,0.20,0,0.003,0.20,-0.001,-0.04,0.05,0.00,3
95,Entry long,2024-07-17 07:00,EURAUD_1100_LONG,1.62215,1,1.62215,0.003,0.20,0,0.003,0.20,-0.001,-0.04,0.05,0.00,3
96,Exit long,2024-07-19 10:00,TIME_EXIT,1.627,1,1.627,0,0.00,0,0.002,0.11,-0.001,-0.07,0.05,0.00,3
96,Entry long,2024-07-19 07:00,EURAUD_1100_LONG,1.627,1,1.627,0,0.00,0,0.002,0.11,-0.001,-0.07,0.05,0.00,3
97,Exit long,2024-07-22 09:00,TP_OR_SL,1.63916,1,1.63593,0.003,0.20,0,0.003,0.20,-0.0001,-0.01,0.06,0.00,2
97,Entry long,2024-07-22 07:00,EURAUD_1100_LONG,1.63593,1,1.63593,0.003,0.20,0,0.003,0.20,-0.0001,-0.01,0.06,0.00,2
98,Exit long,2024-07-25 08:00,TP_OR_SL,1.66129,1,1.6635,-0.002,-0.13,0,0.001,0.05,-0.002,-0.13,0.06,0.00,1
98,Entry long,2024-07-25 07:00,EURAUD_1100_LONG,1.6635,1,1.6635,-0.002,-0.13,0,0.001,0.05,-0.002,-0.13,0.06,0.00,1
99,Exit long,2024-08-02 08:00,TP_OR_SL,1.66815,1,1.66274,0.01,0.33,0,0.01,0.33,-0.003,-0.15,0.06,0.00,1
99,Entry long,2024-08-02 07:00,EURAUD_1100_LONG,1.66274,1,1.66274,0.01,0.33,0,0.01,0.33,-0.003,-0.15,0.06,0.00,1
100,Exit long,2024-08-05 09:00,TP_OR_SL,1.69545,1,1.70146,-0.01,-0.35,0,0.01,0.40,-0.01,-0.35,0.05,0.00,2
100,Entry long,2024-08-05 07:00,EURAUD_1100_LONG,1.70146,1,1.70146,-0.01,-0.35,0,0.01,0.40,-0.01,-0.35,0.05,0.00,2
101,Exit long,2024-08-06 09:00,TP_OR_SL,1.68052,1,1.68534,-0.005,-0.29,0,0,0.00,-0.005,-0.29,0.05,0.00,2
101,Entry long,2024-08-06 07:00,EURAUD_1100_LONG,1.68534,1,1.68534,-0.005,-0.29,0,0,0.00,-0.005,-0.29,0.05,0.00,2
102,Exit long,2024-08-14 08:00,TP_OR_SL,1.66118,1,1.66357,-0.002,-0.14,0,0.002,0.11,-0.002,-0.14,0.05,0.00,1
102,Entry long,2024-08-14 07:00,EURAUD_1100_LONG,1.66357,1,1.66357,-0.002,-0.14,0,0.002,0.11,-0.002,-0.14,0.05,0.00,1
103,Exit long,2024-08-22 10:00,TIME_EXIT,1.65538,1,1.65464,0.001,0.04,0,0.002,0.15,-0.001,-0.06,0.05,0.00,3
103,Entry long,2024-08-22 07:00,EURAUD_1100_LONG,1.65464,1,1.65464,0.001,0.04,0,0.002,0.15,-0.001,-0.06,0.05,0.00,3
104,Exit long,2024-09-03 10:00,TP_OR_SL,1.64352,1,1.63963,0.004,0.24,0,0.004,0.24,-0.001,-0.06,0.05,0.00,3
104,Entry long,2024-09-03 07:00,EURAUD_1100_LONG,1.63963,1,1.63963,0.004,0.24,0,0.004,0.24,-0.001,-0.06,0.05,0.00,3
105,Exit long,2024-09-05 08:00,TP_OR_SL,1.64806,1,1.65001,-0.002,-0.12,0,0.002,0.12,-0.002,-0.12,0.05,0.00,1
105,Entry long,2024-09-05 07:00,EURAUD_1100_LONG,1.65001,1,1.65001,-0.002,-0.12,0,0.002,0.12,-0.002,-0.12,0.05,0.00,1
106,Exit long,2024-10-03 10:00,TIME_EXIT,1.6107,1,1.6118,-0.001,-0.07,0,0.002,0.13,-0.002,-0.11,0.05,0.00,3
106,Entry long,2024-10-03 07:00,EURAUD_1100_LONG,1.6118,1,1.6118,-0.001,-0.07,0,0.002,0.13,-0.002,-0.11,0.05,0.00,3
107,Exit long,2024-10-04 08:00,TP_OR_SL,1.611,1,1.61274,-0.002,-0.11,0,0,0.00,-0.002,-0.11,0.05,0.00,1
107,Entry long,2024-10-04 07:00,EURAUD_1100_LONG,1.61274,1,1.61274,-0.002,-0.11,0,0,0.00,-0.002,-0.11,0.05,0.00,1
108,Exit long,2024-10-16 10:00,TIME_EXIT,1.63163,1,1.62959,0.002,0.13,0,0.003,0.20,-0.001,-0.04,0.05,0.00,3
108,Entry long,2024-10-16 07:00,EURAUD_1100_LONG,1.62959,1,1.62959,0.002,0.13,0,0.003,0.20,-0.001,-0.04,0.05,0.00,3
109,Exit long,2024-10-21 08:00,TP_OR_SL,1.6215,1,1.62325,-0.002,-0.11,0,0.0003,0.02,-0.002,-0.11,0.05,0.00,1
109,Entry long,2024-10-21 07:00,EURAUD_1100_LONG,1.62325,1,1.62325,-0.002,-0.11,0,0.0003,0.02,-0.002,-0.11,0.05,0.00,1
110,Exit long,2024-10-29 08:00,TP_OR_SL,1.64355,1,1.6456,-0.002,-0.12,0,0.001,0.06,-0.002,-0.12,0.05,0.00,1
110,Entry long,2024-10-29 07:00,EURAUD_1100_LONG,1.6456,1,1.6456,-0.002,-0.12,0,0.001,0.06,-0.002,-0.12,0.05,0.00,1
111,Exit long,2024-10-31 09:00,TP_OR_SL,1.65777,1,1.65388,0.004,0.24,0,0.004,0.24,-0.001,-0.05,0.05,0.00,2
111,Entry long,2024-10-31 07:00,EURAUD_1100_LONG,1.65388,1,1.65388,0.004,0.24,0,0.004,0.24,-0.001,-0.05,0.05,0.00,2
112,Exit long,2024-11-13 08:00,TP_OR_SL,1.62755,1,1.62949,-0.002,-0.12,0,0.001,0.06,-0.002,-0.12,0.05,0.00,2
112,Entry long,2024-11-13 06:00,EURAUD_1100_LONG,1.62949,1,1.62949,-0.002,-0.12,0,0.001,0.06,-0.002,-0.12,0.05,0.00,2
113,Exit long,2024-11-26 09:00,TP_OR_SL,1.62421,1,1.61936,0.005,0.30,0,0.005,0.30,-0.001,-0.09,0.05,0.00,3
113,Entry long,2024-11-26 06:00,EURAUD_1100_LONG,1.61936,1,1.61936,0.005,0.30,0,0.005,0.30,-0.001,-0.09,0.05,0.00,3
114,Exit long,2024-11-27 09:00,TIME_EXIT,1.62533,1,1.62448,0.001,0.05,0,0.003,0.21,-0.001,-0.05,0.05,0.00,3
114,Entry long,2024-11-27 06:00,EURAUD_1100_LONG,1.62448,1,1.62448,0.001,0.05,0,0.003,0.21,-0.001,-0.05,0.05,0.00,3
115,Exit long,2024-12-04 09:00,TP_OR_SL,1.6355,1,1.63806,-0.003,-0.16,0,0.001,0.08,-0.003,-0.16,0.05,0.00,3
115,Entry long,2024-12-04 06:00,EURAUD_1100_LONG,1.63806,1,1.63806,-0.003,-0.16,0,0.001,0.08,-0.003,-0.16,0.05,0.00,3
116,Exit long,2024-12-05 08:00,TP_OR_SL,1.64023,1,1.63636,0.004,0.24,0,0.004,0.24,-0.00002,0.00,0.05,0.00,2
116,Entry long,2024-12-05 06:00,EURAUD_1100_LONG,1.63636,1,1.63636,0.004,0.24,0,0.004,0.24,-0.00002,0.00,0.05,0.00,2
117,Exit long,2024-12-06 08:00,TP_OR_SL,1.648,1,1.65008,-0.002,-0.13,0,0.001,0.07,-0.002,-0.13,0.05,0.00,2
117,Entry long,2024-12-06 06:00,EURAUD_1100_LONG,1.65008,1,1.65008,-0.002,-0.13,0,0.001,0.07,-0.002,-0.13,0.05,0.00,2
118,Exit long,2024-12-11 09:00,TP_OR_SL,1.65135,1,1.65368,-0.002,-0.14,0,0.001,0.03,-0.002,-0.14,0.05,0.00,3
118,Entry long,2024-12-11 06:00,EURAUD_1100_LONG,1.65368,1,1.65368,-0.002,-0.14,0,0.001,0.03,-0.002,-0.14,0.05,0.00,3
119,Exit long,2024-12-16 09:00,TIME_EXIT,1.65018,1,1.65121,-0.001,-0.06,0,0.001,0.07,-0.001,-0.07,0.05,0.00,3
119,Entry long,2024-12-16 06:00,EURAUD_1100_LONG,1.65121,1,1.65121,-0.001,-0.06,0,0.001,0.07,-0.001,-0.07,0.05,0.00,3
120,Exit long,2024-12-17 09:00,TIME_EXIT,1.65608,1,1.65392,0.002,0.13,0,0.002,0.14,-0.001,-0.05,0.05,0.00,3
120,Entry long,2024-12-17 06:00,EURAUD_1100_LONG,1.65392,1,1.65392,0.002,0.13,0,0.002,0.14,-0.001,-0.05,0.05,0.00,3
121,Exit long,2024-12-20 09:00,TP_OR_SL,1.66629,1,1.6689,-0.003,-0.16,0,0.0004,0.03,-0.003,-0.16,0.05,0.00,3
121,Entry long,2024-12-20 06:00,EURAUD_1100_LONG,1.6689,1,1.6689,-0.003,-0.16,0,0.0004,0.03,-0.003,-0.16,0.05,0.00,3
122,Exit long,2024-12-24 09:00,TIME_EXIT,1.66792,1,1.66786,0.0001,0.00,0,0.002,0.14,-0.001,-0.04,0.05,0.00,3
122,Entry long,2024-12-24 06:00,EURAUD_1100_LONG,1.66786,1,1.66786,0.0001,0.00,0,0.002,0.14,-0.001,-0.04,0.05,0.00,3
123,Exit long,2024-12-27 07:00,TP_OR_SL,1.67675,1,1.6787,-0.002,-0.12,0,0.0003,0.02,-0.002,-0.12,0.05,0.00,1
123,Entry long,2024-12-27 06:00,EURAUD_1100_LONG,1.6787,1,1.6787,-0.002,-0.12,0,0.0003,0.02,-0.002,-0.12,0.05,0.00,1
124,Exit long,2024-12-30 08:00,TP_OR_SL,1.67185,1,1.67406,-0.002,-0.13,0,0.002,0.14,-0.002,-0.13,0.04,0.00,2
124,Entry long,2024-12-30 06:00,EURAUD_1100_LONG,1.67406,1,1.67406,-0.002,-0.13,0,0.002,0.14,-0.002,-0.13,0.04,0.00,2
125,Exit long,2025-01-17 09:00,TP_OR_SL,1.66069,1,1.6626,-0.002,-0.11,0,0.004,0.22,-0.002,-0.11,0.04,0.00,3
125,Entry long,2025-01-17 06:00,EURAUD_1100_LONG,1.6626,1,1.6626,-0.002,-0.11,0,0.004,0.22,-0.002,-0.11,0.04,0.00,3
126,Exit long,2025-01-20 07:00,TP_OR_SL,1.66227,1,1.66425,-0.002,-0.12,0,0.0001,0.00,-0.002,-0.12,0.04,0.00,1
126,Entry long,2025-01-20 06:00,EURAUD_1100_LONG,1.66425,1,1.66425,-0.002,-0.12,0,0.0001,0.00,-0.002,-0.12,0.04,0.00,1
127,Exit long,2025-01-21 09:00,TIME_EXIT,1.66298,1,1.66477,-0.002,-0.11,0,0.0001,0.01,-0.003,-0.16,0.04,0.00,3
127,Entry long,2025-01-21 06:00,EURAUD_1100_LONG,1.66477,1,1.66477,-0.002,-0.11,0,0.0001,0.01,-0.003,-0.16,0.04,0.00,3
128,Exit long,2025-01-27 09:00,TP_OR_SL,1.67253,1,1.66886,0.004,0.22,0,0.004,0.22,-0.002,-0.09,0.04,0.00,3
128,Entry long,2025-01-27 06:00,EURAUD_1100_LONG,1.66886,1,1.66886,0.004,0.22,0,0.004,0.22,-0.002,-0.09,0.04,0.00,3
129,Exit long,2025-01-28 09:00,TIME_EXIT,1.67032,1,1.66852,0.002,0.11,0,0.003,0.16,-0.0004,-0.03,0.04,0.00,3
129,Entry long,2025-01-28 06:00,EURAUD_1100_LONG,1.66852,1,1.66852,0.002,0.11,0,0.003,0.16,-0.0004,-0.03,0.04,0.00,3
130,Exit long,2025-02-12 08:00,TP_OR_SL,1.6508,1,1.65248,-0.002,-0.10,0,0.003,0.19,-0.002,-0.10,0.04,0.00,2
130,Entry long,2025-02-12 06:00,EURAUD_1100_LONG,1.65248,1,1.65248,-0.002,-0.10,0,0.003,0.19,-0.002,-0.10,0.04,0.00,2
131,Exit long,2025-02-25 09:00,TP_OR_SL,1.65699,1,1.65316,0.004,0.23,0,0.004,0.23,0,0.00,0.05,0.00,3
131,Entry long,2025-02-25 06:00,EURAUD_1100_LONG,1.65316,1,1.65316,0.004,0.23,0,0.004,0.23,0,0.00,0.05,0.00,3
132,Exit long,2025-02-26 09:00,TIME_EXIT,1.66334,1,1.66171,0.002,0.10,0,0.003,0.20,-0.001,-0.05,0.05,0.00,3
132,Entry long,2025-02-26 06:00,EURAUD_1100_LONG,1.66171,1,1.66171,0.002,0.10,0,0.003,0.20,-0.001,-0.05,0.05,0.00,3
133,Exit long,2025-03-03 09:00,TIME_EXIT,1.67914,1,1.67978,-0.001,-0.04,0,0.002,0.14,-0.002,-0.11,0.05,0.00,3
133,Entry long,2025-03-03 06:00,EURAUD_1100_LONG,1.67978,1,1.67978,-0.001,-0.04,0,0.002,0.14,-0.002,-0.11,0.05,0.00,3
134,Exit long,2025-03-07 09:00,TIME_EXIT,1.72129,1,1.7234,-0.002,-0.12,0,0.004,0.22,-0.003,-0.15,0.05,0.00,3
134,Entry long,2025-03-07 06:00,EURAUD_1100_LONG,1.7234,1,1.7234,-0.002,-0.12,0,0.004,0.22,-0.003,-0.15,0.05,0.00,3
135,Exit long,2025-03-12 08:00,TP_OR_SL,1.73145,1,1.73404,-0.003,-0.15,0,0.001,0.08,-0.003,-0.15,0.04,0.00,1
135,Entry long,2025-03-12 07:00,EURAUD_1100_LONG,1.73404,1,1.73404,-0.003,-0.15,0,0.001,0.08,-0.003,-0.15,0.04,0.00,1
136,Exit long,2025-03-20 08:00,TP_OR_SL,1.723,1,1.72561,-0.003,-0.15,0,0.001,0.08,-0.003,-0.15,0.04,0.00,1
136,Entry long,2025-03-20 07:00,EURAUD_1100_LONG,1.72561,1,1.72561,-0.003,-0.15,0,0.001,0.08,-0.003,-0.15,0.04,0.00,1
137,Exit long,2025-03-21 10:00,TIME_EXIT,1.72441,1,1.72439,0.00002,0.00,0,0.003,0.15,-0.002,-0.10,0.04,0.00,3
137,Entry long,2025-03-21 07:00,EURAUD_1100_LONG,1.72439,1,1.72439,0.00002,0.00,0,0.003,0.15,-0.002,-0.10,0.04,0.00,3
138,Exit long,2025-03-31 09:00,TP_OR_SL,1.73582,1,1.73116,0.005,0.27,0,0.005,0.27,-0.0002,-0.01,0.05,0.00,2
138,Entry long,2025-03-31 07:00,EURAUD_1100_LONG,1.73116,1,1.73116,0.005,0.27,0,0.005,0.27,-0.0002,-0.01,0.05,0.00,2
139,Exit long,2025-04-03 10:00,TIME_EXIT,1.7448,1,1.74347,0.001,0.08,0,0.003,0.16,-0.005,-0.26,0.05,0.00,3
139,Entry long,2025-04-03 07:00,EURAUD_1100_LONG,1.74347,1,1.74347,0.001,0.08,0,0.003,0.16,-0.005,-0.26,0.05,0.00,3
140,Exit long,2025-04-04 09:00,TP_OR_SL,1.80095,1,1.80934,-0.01,-0.46,0,0.01,0.31,-0.01,-0.46,0.04,0.00,2
140,Entry long,2025-04-04 07:00,EURAUD_1100_LONG,1.80934,1,1.80934,-0.01,-0.46,0,0.01,0.31,-0.01,-0.46,0.04,0.00,2
141,Exit long,2025-04-22 10:00,TIME_EXIT,1.79637,1,1.79607,0.0003,0.02,0,0.002,0.13,-0.002,-0.14,0.04,0.00,3
141,Entry long,2025-04-22 07:00,EURAUD_1100_LONG,1.79607,1,1.79607,0.0003,0.02,0,0.002,0.13,-0.002,-0.14,0.04,0.00,3
142,Exit long,2025-05-08 10:00,TP_OR_SL,1.75753,1,1.76051,-0.003,-0.17,0,0.003,0.15,-0.003,-0.17,0.04,0.00,3
142,Entry long,2025-05-08 07:00,EURAUD_1100_LONG,1.76051,1,1.76051,-0.003,-0.17,0,0.003,0.15,-0.003,-0.17,0.04,0.00,3
143,Exit long,2025-05-09 09:00,TP_OR_SL,1.75449,1,1.75722,-0.003,-0.16,0,0.001,0.04,-0.003,-0.16,0.03,0.00,2
143,Entry long,2025-05-09 07:00,EURAUD_1100_LONG,1.75722,1,1.75722,-0.003,-0.16,0,0.001,0.04,-0.003,-0.16,0.03,0.00,2
144,Exit long,2025-05-22 10:00,TP_OR_SL,1.75811,1,1.76106,-0.003,-0.17,0,0.001,0.06,-0.003,-0.17,0.03,0.00,3
144,Entry long,2025-05-22 07:00,EURAUD_1100_LONG,1.76106,1,1.76106,-0.003,-0.17,0,0.001,0.06,-0.003,-0.17,0.03,0.00,3
145,Exit long,2025-05-27 10:00,TIME_EXIT,1.76057,1,1.76114,-0.001,-0.03,0,0.002,0.09,-0.001,-0.06,0.03,0.00,3
145,Entry long,2025-05-27 07:00,EURAUD_1100_LONG,1.76114,1,1.76114,-0.001,-0.03,0,0.002,0.09,-0.001,-0.06,0.03,0.00,3
146,Exit long,2025-05-30 10:00,TP_OR_SL,1.76317,1,1.76574,-0.003,-0.15,0,0.004,0.24,-0.003,-0.15,0.03,0.00,3
146,Entry long,2025-05-30 07:00,EURAUD_1100_LONG,1.76574,1,1.76574,-0.003,-0.15,0,0.004,0.24,-0.003,-0.15,0.03,0.00,3
147,Exit long,2025-06-06 08:00,TP_OR_SL,1.75699,1,1.759,-0.002,-0.11,0,0.001,0.04,-0.002,-0.11,0.02,0.00,1
147,Entry long,2025-06-06 07:00,EURAUD_1100_LONG,1.759,1,1.759,-0.002,-0.11,0,0.001,0.04,-0.002,-0.11,0.02,0.00,1
148,Exit long,2025-06-11 08:00,TP_OR_SL,1.75525,1,1.75732,-0.002,-0.12,0,0.002,0.10,-0.002,-0.12,0.02,0.00,1
148,Entry long,2025-06-11 07:00,EURAUD_1100_LONG,1.75732,1,1.75732,-0.002,-0.12,0,0.002,0.10,-0.002,-0.12,0.02,0.00,1
149,Exit long,2025-06-12 10:00,TP_OR_SL,1.77568,1,1.77896,-0.003,-0.18,0,0.004,0.25,-0.003,-0.18,0.02,0.00,3
149,Entry long,2025-06-12 07:00,EURAUD_1100_LONG,1.77896,1,1.77896,-0.003,-0.18,0,0.004,0.25,-0.003,-0.18,0.02,0.00,3
150,Exit long,2025-06-19 10:00,TIME_EXIT,1.7771,1,1.77501,0.002,0.12,0,0.004,0.22,-0.002,-0.10,0.02,0.00,3
150,Entry long,2025-06-19 07:00,EURAUD_1100_LONG,1.77501,1,1.77501,0.002,0.12,0,0.004,0.22,-0.002,-0.10,0.02,0.00,3
151,Exit long,2025-06-23 10:00,TP_OR_SL,1.79281,1,1.79616,-0.003,-0.19,0,0.0004,0.02,-0.003,-0.19,0.02,0.00,3
151,Entry long,2025-06-23 07:00,EURAUD_1100_LONG,1.79616,1,1.79616,-0.003,-0.19,0,0.0004,0.02,-0.003,-0.19,0.02,0.00,3
152,Exit long,2025-06-27 09:00,TP_OR_SL,1.79625,1,1.79166,0.005,0.26,0,0.005,0.26,-0.001,-0.03,0.02,0.00,2
152,Entry long,2025-06-27 07:00,EURAUD_1100_LONG,1.79166,1,1.79166,0.005,0.26,0,0.005,0.26,-0.001,-0.03,0.02,0.00,2
153,Exit long,2025-06-30 09:00,TP_OR_SL,1.79265,1,1.79489,-0.002,-0.12,0,0.0002,0.01,-0.002,-0.12,0.02,0.00,2
153,Entry long,2025-06-30 07:00,EURAUD_1100_LONG,1.79489,1,1.79489,-0.002,-0.12,0,0.0002,0.01,-0.002,-0.12,0.02,0.00,2
154,Exit long,2025-07-01 10:00,TP_OR_SL,1.79162,1,1.79399,-0.002,-0.13,0,0.002,0.13,-0.002,-0.13,0.02,0.00,3
154,Entry long,2025-07-01 07:00,EURAUD_1100_LONG,1.79399,1,1.79399,-0.002,-0.13,0,0.002,0.13,-0.002,-0.13,0.02,0.00,3
155,Exit long,2025-07-21 10:00,TP_OR_SL,1.79196,1,1.78854,0.003,0.19,0,0.003,0.19,-0.001,-0.06,0.02,0.00,3
155,Entry long,2025-07-21 07:00,EURAUD_1100_LONG,1.78854,1,1.78854,0.003,0.19,0,0.003,0.19,-0.001,-0.06,0.02,0.00,3
156,Exit long,2025-08-12 10:00,TIME_EXIT,1.78911,1,1.78922,-0.0001,-0.01,0,0.003,0.17,-0.002,-0.09,0.02,0.00,3
156,Entry long,2025-08-12 07:00,EURAUD_1100_LONG,1.78922,1,1.78922,-0.0001,-0.01,0,0.003,0.17,-0.002,-0.09,0.02,0.00,3
157,Exit long,2025-08-14 10:00,TP_OR_SL,1.79487,1,1.79137,0.004,0.20,0,0.004,0.20,-0.001,-0.05,0.02,0.00,3
157,Entry long,2025-08-14 07:00,EURAUD_1100_LONG,1.79137,1,1.79137,0.004,0.20,0,0.004,0.20,-0.001,-0.05,0.02,0.00,3
158,Exit long,2025-08-20 10:00,TP_OR_SL,1.81436,1,1.81031,0.004,0.22,0,0.004,0.22,-0.002,-0.10,0.03,0.00,3
158,Entry long,2025-08-20 07:00,EURAUD_1100_LONG,1.81031,1,1.81031,0.004,0.22,0,0.004,0.22,-0.002,-0.10,0.03,0.00,3
159,Exit long,2025-09-05 08:00,TP_OR_SL,1.78541,1,1.7868,-0.001,-0.08,0,0.00004,0.00,-0.001,-0.08,0.03,0.00,1
159,Entry long,2025-09-05 07:00,EURAUD_1100_LONG,1.7868,1,1.7868,-0.001,-0.08,0,0.00004,0.00,-0.001,-0.08,0.03,0.00,1
160,Exit long,2025-09-22 10:00,TIME_EXIT,1.78614,1,1.78552,0.001,0.03,0,0.003,0.18,0,0.00,0.03,0.00,3
160,Entry long,2025-09-22 07:00,EURAUD_1100_LONG,1.78552,1,1.78552,0.001,0.03,0,0.003,0.18,0,0.00,0.03,0.00,3
161,Exit long,2025-11-05 08:00,TP_OR_SL,1.77071,1,1.77316,-0.002,-0.14,0,0.001,0.06,-0.002,-0.14,0.03,0.00,2
161,Entry long,2025-11-05 06:00,EURAUD_1100_LONG,1.77316,1,1.77316,-0.002,-0.14,0,0.001,0.06,-0.002,-0.14,0.03,0.00,2
162,Exit long,2025-11-06 09:00,TP_OR_SL,1.7742,1,1.77019,0.004,0.23,0,0.004,0.23,-0.002,-0.09,0.03,0.00,3
162,Entry long,2025-11-06 06:00,EURAUD_1100_LONG,1.77019,1,1.77019,0.004,0.23,0,0.004,0.23,-0.002,-0.09,0.03,0.00,3
163,Exit long,2025-11-07 09:00,TP_OR_SL,1.7869,1,1.7821,0.005,0.27,0,0.005,0.27,-0.001,-0.03,0.03,0.00,3
163,Entry long,2025-11-07 06:00,EURAUD_1100_LONG,1.7821,1,1.7821,0.005,0.27,0,0.005,0.27,-0.001,-0.03,0.03,0.00,3
164,Exit long,2025-11-14 09:00,TP_OR_SL,1.78226,1,1.78495,-0.003,-0.15,0,0.002,0.11,-0.003,-0.15,0.03,0.00,3
164,Entry long,2025-11-14 06:00,EURAUD_1100_LONG,1.78495,1,1.78495,-0.003,-0.15,0,0.002,0.11,-0.003,-0.15,0.03,0.00,3
165,Exit long,2025-11-17 09:00,TIME_EXIT,1.77912,1,1.78,-0.001,-0.05,0,0.002,0.10,-0.002,-0.10,0.03,0.00,3
165,Entry long,2025-11-17 06:00,EURAUD_1100_LONG,1.78,1,1.78,-0.001,-0.05,0,0.002,0.10,-0.002,-0.10,0.03,0.00,3
166,Exit long,2025-11-21 08:00,TP_OR_SL,1.78626,1,1.78916,-0.003,-0.16,0,0.002,0.10,-0.003,-0.16,0.03,0.00,2
166,Entry long,2025-11-21 06:00,EURAUD_1100_LONG,1.78916,1,1.78916,-0.003,-0.16,0,0.002,0.10,-0.003,-0.16,0.03,0.00,2
167,Exit long,2025-11-24 08:00,TP_OR_SL,1.78722,1,1.7898,-0.003,-0.14,0,0.001,0.06,-0.003,-0.14,0.03,0.00,2
167,Entry long,2025-11-24 06:00,EURAUD_1100_LONG,1.7898,1,1.7898,-0.003,-0.14,0,0.001,0.06,-0.003,-0.14,0.03,0.00,2
168,Exit long,2025-11-25 09:00,TP_OR_SL,1.79152,1,1.78743,0.004,0.23,0,0.004,0.23,-0.001,-0.06,0.03,0.00,3
168,Entry long,2025-11-25 06:00,EURAUD_1100_LONG,1.78743,1,1.78743,0.004,0.23,0,0.004,0.23,-0.001,-0.06,0.03,0.00,3
169,Exit long,2025-12-15 09:00,TIME_EXIT,1.76951,1,1.76671,0.003,0.16,0,0.003,0.16,-0.001,-0.05,0.03,0.00,3
169,Entry long,2025-12-15 06:00,EURAUD_1100_LONG,1.76671,1,1.76671,0.003,0.16,0,0.003,0.16,-0.001,-0.05,0.03,0.00,3
170,Exit long,2025-12-16 08:00,TP_OR_SL,1.77019,1,1.77224,-0.002,-0.12,0,0.002,0.12,-0.002,-0.12,0.03,0.00,2
170,Entry long,2025-12-16 06:00,EURAUD_1100_LONG,1.77224,1,1.77224,-0.002,-0.12,0,0.002,0.12,-0.002,-0.12,0.03,0.00,2
171,Exit long,2026-01-08 09:00,TIME_EXIT,1.74346,1,1.74366,-0.0002,-0.01,0,0.001,0.05,-0.002,-0.10,0.03,0.00,3
171,Entry long,2026-01-08 06:00,EURAUD_1100_LONG,1.74366,1,1.74366,-0.0002,-0.01,0,0.001,0.05,-0.002,-0.10,0.03,0.00,3
172,Exit long,2026-01-14 09:00,TIME_EXIT,1.74388,1,1.74309,0.001,0.05,0,0.003,0.15,-0.001,-0.05,0.03,0.00,3
172,Entry long,2026-01-14 06:00,EURAUD_1100_LONG,1.74309,1,1.74309,0.001,0.05,0,0.003,0.15,-0.001,-0.05,0.03,0.00,3
173,Exit long,2026-01-20 08:00,TP_OR_SL,1.74667,1,1.74232,0.004,0.25,0,0.004,0.25,-0.001,-0.06,0.04,0.00,2
173,Entry long,2026-01-20 06:00,EURAUD_1100_LONG,1.74232,1,1.74232,0.004,0.25,0,0.004,0.25,-0.001,-0.06,0.04,0.00,2
174,Exit long,2026-02-13 08:00,TP_OR_SL,1.67904,1,1.68199,-0.003,-0.18,0,0.001,0.06,-0.003,-0.18,0.03,0.00,2
174,Entry long,2026-02-13 06:00,EURAUD_1100_LONG,1.68199,1,1.68199,-0.003,-0.18,0,0.001,0.06,-0.003,-0.18,0.03,0.00,2
175,Exit long,2026-03-06 07:00,TP_OR_SL,1.65057,1,1.65336,-0.003,-0.17,0,0.001,0.04,-0.003,-0.17,0.03,0.00,1
175,Entry long,2026-03-06 06:00,EURAUD_1100_LONG,1.65336,1,1.65336,-0.003,-0.17,0,0.001,0.04,-0.003,-0.17,0.03,0.00,1
176,Exit long,2026-03-13 10:00,TIME_EXIT,1.63112,1,1.62688,0.004,0.26,0,0.005,0.30,-0.001,-0.03,0.03,0.00,3
176,Entry long,2026-03-13 07:00,EURAUD_1100_LONG,1.62688,1,1.62688,0.004,0.26,0,0.005,0.30,-0.001,-0.03,0.03,0.00,3
177,Exit long,2026-03-20 10:00,TP_OR_SL,1.63952,1,1.6345,0.01,0.31,0,0.01,0.31,-0.001,-0.06,0.04,0.00,3
177,Entry long,2026-03-20 07:00,EURAUD_1100_LONG,1.6345,1,1.6345,0.01,0.31,0,0.01,0.31,-0.001,-0.06,0.04,0.00,3
178,Exit long,2026-03-25 10:00,TP_OR_SL,1.66308,1,1.66586,-0.003,-0.17,0,0.002,0.11,-0.003,-0.17,0.04,0.00,3
178,Entry long,2026-03-25 07:00,EURAUD_1100_LONG,1.66586,1,1.66586,-0.003,-0.17,0,0.002,0.11,-0.003,-0.17,0.04,0.00,3
179,Exit long,2026-03-26 10:00,TIME_EXIT,1.66975,1,1.66774,0.002,0.12,0,0.003,0.20,-0.002,-0.09,0.04,0.00,3
179,Entry long,2026-03-26 07:00,EURAUD_1100_LONG,1.66774,1,1.66774,0.002,0.12,0,0.003,0.20,-0.002,-0.09,0.04,0.00,3
180,Exit long,2026-04-02 08:00,TP_OR_SL,1.67506,1,1.67748,-0.002,-0.14,0,0.0004,0.02,-0.002,-0.14,0.04,0.00,1
180,Entry long,2026-04-02 07:00,EURAUD_1100_LONG,1.67748,1,1.67748,-0.002,-0.14,0,0.0004,0.02,-0.002,-0.14,0.04,0.00,1
181,Exit long,2026-04-13 09:00,TP_OR_SL,1.65841,1,1.66049,-0.002,-0.13,0,0.002,0.11,-0.002,-0.13,0.03,0.00,2
181,Entry long,2026-04-13 07:00,EURAUD_1100_LONG,1.66049,1,1.66049,-0.002,-0.13,0,0.002,0.11,-0.002,-0.13,0.03,0.00,2
182,Exit long,2026-04-24 10:00,TIME_EXIT,1.63969,1,1.63984,-0.0001,-0.01,0,0.002,0.13,-0.001,-0.04,0.03,0.00,3
182,Entry long,2026-04-24 07:00,EURAUD_1100_LONG,1.63984,1,1.63984,-0.0001,-0.01,0,0.002,0.13,-0.001,-0.04,0.03,0.00,3
183,Exit long,2026-05-15 10:00,TP_OR_SL,1.62417,1,1.62631,-0.002,-0.13,0,0.001,0.06,-0.002,-0.13,0.03,0.00,3
183,Entry long,2026-05-15 07:00,EURAUD_1100_LONG,1.62631,1,1.62631,-0.002,-0.13,0,0.001,0.06,-0.002,-0.13,0.03,0.00,3
184,Exit long,2026-05-27 10:00,TIME_EXIT,1.63118,1,1.63166,-0.0005,-0.03,0,0.002,0.10,-0.001,-0.05,0.03,0.00,3
184,Entry long,2026-05-27 07:00,EURAUD_1100_LONG,1.63166,1,1.63166,-0.0005,-0.03,0,0.002,0.10,-0.001,-0.05,0.03,0.00,3
185,Exit long,2026-05-28 10:00,TP_OR_SL,1.63035,1,1.63204,-0.002,-0.10,0,0.001,0.04,-0.002,-0.10,0.03,0.00,3
185,Entry long,2026-05-28 07:00,EURAUD_1100_LONG,1.63204,1,1.63204,-0.002,-0.10,0,0.001,0.04,-0.002,-0.10,0.03,0.00,3
186,Exit long,2026-06-04 10:00,TIME_EXIT,1.629,1,1.62899,0.00001,0.00,0,0.001,0.07,-0.0003,-0.02,0.03,0.00,3
186,Entry long,2026-06-04 07:00,EURAUD_1100_LONG,1.62899,1,1.62899,0.00001,0.00,0,0.001,0.07,-0.0003,-0.02,0.03,0.00,3
187,Exit long,2026-06-09 10:00,TP_OR_SL,1.64272,1,1.63903,0.004,0.23,0,0.004,0.23,-0.0005,-0.03,0.03,0.00,3
187,Entry long,2026-06-09 07:00,EURAUD_1100_LONG,1.63903,1,1.63903,0.004,0.23,0,0.004,0.23,-0.0005,-0.03,0.03,0.00,3
188,Exit long,2026-06-23 10:00,TIME_EXIT,1.64231,1,1.6424,-0.0001,-0.01,0,0.001,0.07,-0.002,-0.09,0.03,0.00,3
188,Entry long,2026-06-23 07:00,EURAUD_1100_LONG,1.6424,1,1.6424,-0.0001,-0.01,0,0.001,0.07,-0.002,-0.09,0.03,0.00,3
189,Exit long,2026-07-09 10:00,TIME_EXIT,1.64788,1,1.64814,-0.0003,-0.02,0,0.001,0.04,-0.001,-0.05,0.03,0.00,3
189,Entry long,2026-07-09 07:00,EURAUD_1100_LONG,1.64814,1,1.64814,-0.0003,-0.02,0,0.001,0.04,-0.001,-0.05,0.03,0.00,3
190,Exit long,2026-07-28 09:00,TP_OR_SL,1.63036,1,1.63173,-0.001,-0.08,0,0,0.00,-0.001,-0.08,0.03,0.00,2
190,Entry long,2026-07-28 07:00,EURAUD_1100_LONG,1.63173,1,1.63173,-0.001,-0.08,0,0,0.00,-0.001,-0.08,0.03,0.00,2
191,Exit long,2026-08-03 09:00,TP_OR_SL,1.64876,1,1.64556,0.003,0.19,0,0.003,0.19,-0.0002,-0.01,0.03,0.00,2
191,Entry long,2026-08-03 07:00,EURAUD_1100_LONG,1.64556,1,1.64556,0.003,0.19,0,0.003,0.19,-0.0002,-0.01,0.03,0.00,2
192,Exit long,2026-08-19 08:00,TP_OR_SL,1.63883,1,1.64022,-0.001,-0.08,0,0.0002,0.01,-0.001,-0.08,0.03,0.00,1
192,Entry long,2026-08-19 07:00,EURAUD_1100_LONG,1.64022,1,1.64022,-0.001,-0.08,0,0.0002,0.01,-0.001,-0.08,0.03,0.00,1
193,Exit long,2026-08-20 08:00,TP_OR_SL,1.64219,1,1.64364,-0.001,-0.09,0,0.001,0.05,-0.001,-0.09,0.03,0.00,1
193,Entry long,2026-08-20 07:00,EURAUD_1100_LONG,1.64364,1,1.64364,-0.001,-0.09,0,0.001,0.05,-0.001,-0.09,0.03,0.00,1
194,Exit long,2026-09-10 08:00,TP_OR_SL,1.61772,1,1.61546,0.002,0.14,0,0.002,0.14,-0.0002,-0.01,0.03,0.00,1
194,Entry long,2026-09-10 07:00,EURAUD_1100_LONG,1.61546,1,1.61546,0.002,0.14,0,0.002,0.14,-0.0002,-0.01,0.03,0.00,1