timestamp,pair,split,variant,expiry,direction,entry,expiryPrice,result,session
2026-08-19T02:05:00.000Z,EUR/USD,SEALED,binary_master,5,CALL,1.1577,1.15793,WIN,Asia
2026-08-19T02:42:00.000Z,EUR/USD,SEALED,binary_master,5,PUT,1.1583,1.15862,LOSS,Asia
2026-08-19T04:17:00.000Z,EUR/USD,SEALED,binary_master,5,CALL,1.15837,1.15836,LOSS,Asia
2026-08-19T07:31:00.000Z,EUR/USD,SEALED,binary_master,5,CALL,1.15947,1.15965,WIN,London
2026-08-19T20:35:00.000Z,EUR/USD,SEALED,binary_master,5,CALL,1.16761,1.16775,WIN,New York
2026-08-20T02:55:00.000Z,EUR/USD,SEALED,binary_master,5,PUT,1.16748,1.16744,WIN,Asia
2026-08-20T06:33:00.000Z,EUR/USD,SEALED,binary_master,5,PUT,1.16769,1.16793,LOSS,Asia
2026-08-20T09:56:00.000Z,EUR/USD,SEALED,binary_master,5,CALL,1.17073,1.1707,LOSS,London
2026-08-20T12:50:00.000Z,EUR/USD,SEALED,binary_master,5,CALL,1.1687,1.16865,LOSS,London/NY overlap
2026-08-20T18:15:00.000Z,EUR/USD,SEALED,binary_master,5,PUT,1.1672,1.16711,WIN,New York
2026-08-20T19:10:00.000Z,EUR/USD,SEALED,binary_master,5,PUT,1.1674,1.16764,LOSS,New York
2026-08-20T19:19:00.000Z,EUR/USD,SEALED,binary_master,5,CALL,1.16764,1.16765,WIN,New York
2026-08-20T22:04:00.000Z,EUR/USD,SEALED,binary_master,5,CALL,1.16807,1.16819,WIN,Asia
2026-08-21T00:10:00.000Z,EUR/USD,SEALED,binary_master,5,PUT,1.16847,1.16883,LOSS,Asia
2026-08-21T00:36:00.000Z,EUR/USD,SEALED,binary_master,5,PUT,1.16867,1.16862,WIN,Asia
2026-08-21T03:20:00.000Z,EUR/USD,SEALED,binary_master,5,CALL,1.16966,1.16971,WIN,Asia
2026-08-21T03:28:00.000Z,EUR/USD,SEALED,binary_master,5,PUT,1.16957,1.16942,WIN,Asia
2026-08-21T12:17:00.000Z,EUR/USD,SEALED,binary_master,5,PUT,1.16968,1.1696,WIN,London/NY overlap
2026-08-21T15:27:00.000Z,EUR/USD,SEALED,binary_master,5,PUT,1.16734,1.1677,LOSS,London/NY overlap
2026-08-24T10:59:00.000Z,EUR/USD,SEALED,binary_master,5,CALL,1.16655,1.16638,LOSS,London
2026-08-24T16:28:00.000Z,EUR/USD,SEALED,binary_master,5,PUT,1.16668,1.16666,WIN,New York
2026-08-24T19:09:00.000Z,EUR/USD,SEALED,binary_master,5,CALL,1.16616,1.16622,WIN,New York
2026-08-24T19:43:00.000Z,EUR/USD,SEALED,binary_master,5,CALL,1.16612,1.16618,WIN,New York
2026-08-25T03:59:00.000Z,EUR/USD,SEALED,binary_master,5,PUT,1.16604,1.16592,WIN,Asia
2026-08-25T04:51:00.000Z,EUR/USD,SEALED,binary_master,5,CALL,1.16558,1.16552,LOSS,Asia
2026-08-25T10:02:00.000Z,EUR/USD,SEALED,binary_master,5,CALL,1.16682,1.16672,LOSS,London
2026-08-25T12:04:00.000Z,EUR/USD,SEALED,binary_master,5,PUT,1.16615,1.16636,LOSS,London/NY overlap
2026-08-25T17:07:00.000Z,EUR/USD,SEALED,binary_master,5,CALL,1.16723,1.16702,LOSS,New York
2026-08-25T17:16:00.000Z,EUR/USD,SEALED,binary_master,5,PUT,1.16701,1.16714,LOSS,New York
2026-08-25T18:49:00.000Z,EUR/USD,SEALED,binary_master,5,PUT,1.16738,1.16738,TIE,New York
2026-08-25T19:02:00.000Z,EUR/USD,SEALED,binary_master,5,CALL,1.16745,1.16752,WIN,New York
2026-08-26T00:28:00.000Z,EUR/USD,SEALED,binary_master,5,PUT,1.16736,1.16742,LOSS,Asia
2026-08-26T11:39:00.000Z,EUR/USD,SEALED,binary_master,5,CALL,1.16646,1.16647,WIN,London
2026-08-26T23:11:00.000Z,EUR/USD,SEALED,binary_master,5,CALL,1.16544,1.16553,WIN,Asia
2026-08-27T01:03:00.000Z,EUR/USD,SEALED,binary_master,5,CALL,1.16562,1.16563,WIN,Asia
2026-08-27T03:00:00.000Z,EUR/USD,SEALED,binary_master,5,PUT,1.16557,1.16558,LOSS,Asia
2026-08-27T05:45:00.000Z,EUR/USD,SEALED,binary_master,5,PUT,1.16562,1.16558,WIN,Asia
2026-08-27T06:18:00.000Z,EUR/USD,SEALED,binary_master,5,CALL,1.16532,1.16542,WIN,Asia
2026-08-27T07:04:00.000Z,EUR/USD,SEALED,binary_master,5,CALL,1.16558,1.16543,LOSS,London
2026-08-27T10:05:00.000Z,EUR/USD,SEALED,binary_master,5,PUT,1.16396,1.16402,LOSS,London
2026-08-27T16:12:00.000Z,EUR/USD,SEALED,binary_master,5,PUT,1.16502,1.16506,LOSS,New York
2026-08-27T16:26:00.000Z,EUR/USD,SEALED,binary_master,5,CALL,1.16523,1.1653,WIN,New York
2026-08-27T17:08:00.000Z,EUR/USD,SEALED,binary_master,5,CALL,1.16529,1.16522,LOSS,New York
2026-08-27T17:17:00.000Z,EUR/USD,SEALED,binary_master,5,PUT,1.16508,1.16512,LOSS,New York
2026-08-27T20:43:00.000Z,EUR/USD,SEALED,binary_master,5,CALL,1.16514,1.16512,LOSS,New York
2026-08-27T22:19:00.000Z,EUR/USD,SEALED,binary_master,5,CALL,1.16545,1.16528,LOSS,Asia
2026-08-27T22:46:00.000Z,EUR/USD,SEALED,binary_master,5,CALL,1.16524,1.16526,WIN,Asia
2026-08-28T07:39:00.000Z,EUR/USD,SEALED,binary_master,5,CALL,1.16459,1.16449,LOSS,London
2026-08-28T08:42:00.000Z,EUR/USD,SEALED,binary_master,5,CALL,1.16452,1.16428,LOSS,London
2026-08-28T10:14:00.000Z,EUR/USD,SEALED,binary_master,5,CALL,1.16417,1.16416,LOSS,London
2026-08-18T23:55:00.000Z,GBP/USD,SEALED,binary_master,5,CALL,1.35344,1.35358,WIN,Asia
2026-08-19T02:41:00.000Z,GBP/USD,SEALED,binary_master,5,CALL,1.35391,1.35412,WIN,Asia
2026-08-19T04:56:00.000Z,GBP/USD,SEALED,binary_master,5,CALL,1.35399,1.35418,WIN,Asia
2026-08-19T15:54:00.000Z,GBP/USD,SEALED,binary_master,5,PUT,1.36062,1.36029,WIN,London/NY overlap
2026-08-19T17:53:00.000Z,GBP/USD,SEALED,binary_master,5,CALL,1.35942,1.35919,LOSS,New York
2026-08-19T17:56:00.000Z,GBP/USD,SEALED,binary_master,5,PUT,1.3593,1.35913,WIN,New York
2026-08-19T19:19:00.000Z,GBP/USD,SEALED,binary_master,5,CALL,1.36088,1.36082,LOSS,New York
2026-08-19T22:04:00.000Z,GBP/USD,SEALED,binary_master,5,CALL,1.36093,1.36093,TIE,Asia
2026-08-20T02:04:00.000Z,GBP/USD,SEALED,binary_master,5,CALL,1.36098,1.36139,WIN,Asia
2026-08-20T02:55:00.000Z,GBP/USD,SEALED,binary_master,5,PUT,1.36036,1.36044,LOSS,Asia
2026-08-20T09:51:00.000Z,GBP/USD,SEALED,binary_master,5,CALL,1.36434,1.36458,WIN,London
2026-08-20T13:22:00.000Z,GBP/USD,SEALED,binary_master,5,PUT,1.36477,1.36396,WIN,London/NY overlap
2026-08-20T20:14:00.000Z,GBP/USD,SEALED,binary_master,5,PUT,1.36296,1.3629,WIN,New York
2026-08-21T03:05:00.000Z,GBP/USD,SEALED,binary_master,5,PUT,1.36498,1.36504,LOSS,Asia
2026-08-21T03:28:00.000Z,GBP/USD,SEALED,binary_master,5,PUT,1.3648,1.36458,WIN,Asia
2026-08-21T05:30:00.000Z,GBP/USD,SEALED,binary_master,5,PUT,1.36421,1.3644,LOSS,Asia
2026-08-21T07:23:00.000Z,GBP/USD,SEALED,binary_master,5,CALL,1.36496,1.36488,LOSS,London
2026-08-21T14:11:00.000Z,GBP/USD,SEALED,binary_master,5,PUT,1.36389,1.36405,LOSS,London/NY overlap
2026-08-21T15:08:00.000Z,GBP/USD,SEALED,binary_master,5,PUT,1.36271,1.36257,WIN,London/NY overlap
2026-08-21T16:17:00.000Z,GBP/USD,SEALED,binary_master,5,PUT,1.36396,1.36378,WIN,New York
2026-08-21T16:31:00.000Z,GBP/USD,SEALED,binary_master,5,CALL,1.3642,1.36426,WIN,New York
2026-08-21T16:53:00.000Z,GBP/USD,SEALED,binary_master,5,PUT,1.36417,1.36414,WIN,New York
2026-08-21T18:36:00.000Z,GBP/USD,SEALED,binary_master,5,CALL,1.36516,1.36518,WIN,New York
2026-08-24T01:51:00.000Z,GBP/USD,SEALED,binary_master,5,CALL,1.36448,1.36478,WIN,Asia
2026-08-24T06:17:00.000Z,GBP/USD,SEALED,binary_master,5,PUT,1.36433,1.36418,WIN,Asia
2026-08-24T08:43:00.000Z,GBP/USD,SEALED,binary_master,5,CALL,1.36315,1.36295,LOSS,London
2026-08-24T12:59:00.000Z,GBP/USD,SEALED,binary_master,5,CALL,1.36438,1.36451,WIN,London/NY overlap
2026-08-24T16:12:00.000Z,GBP/USD,SEALED,binary_master,5,CALL,1.36319,1.36332,WIN,New York
2026-08-24T17:18:00.000Z,GBP/USD,SEALED,binary_master,5,CALL,1.3633,1.36298,LOSS,New York
2026-08-24T18:21:00.000Z,GBP/USD,SEALED,binary_master,5,CALL,1.36298,1.36322,WIN,New York
2026-08-24T22:32:00.000Z,GBP/USD,SEALED,binary_master,5,CALL,1.36331,1.36332,WIN,Asia
2026-08-24T22:36:00.000Z,GBP/USD,SEALED,binary_master,5,CALL,1.36329,1.36328,LOSS,Asia
2026-08-24T23:34:00.000Z,GBP/USD,SEALED,binary_master,5,PUT,1.36347,1.36345,WIN,Asia
2026-08-25T00:26:00.000Z,GBP/USD,SEALED,binary_master,5,PUT,1.36382,1.3639,LOSS,Asia
2026-08-25T14:21:00.000Z,GBP/USD,SEALED,binary_master,5,PUT,1.36398,1.36348,WIN,London/NY overlap
2026-08-25T19:52:00.000Z,GBP/USD,SEALED,binary_master,5,CALL,1.36488,1.36497,WIN,New York
2026-08-25T22:29:00.000Z,GBP/USD,SEALED,binary_master,5,CALL,1.36486,1.36486,TIE,Asia
2026-08-26T03:34:00.000Z,GBP/USD,SEALED,binary_master,5,PUT,1.36368,1.3638,LOSS,Asia
2026-08-26T10:42:00.000Z,GBP/USD,SEALED,binary_master,5,CALL,1.36216,1.36218,WIN,London
2026-08-26T14:54:00.000Z,GBP/USD,SEALED,binary_master,5,PUT,1.35858,1.35902,LOSS,London/NY overlap
2026-08-26T17:04:00.000Z,GBP/USD,SEALED,binary_master,5,PUT,1.3593,1.35898,WIN,New York
2026-08-26T20:04:00.000Z,GBP/USD,SEALED,binary_master,5,CALL,1.3594,1.35948,WIN,New York
2026-08-26T22:02:00.000Z,GBP/USD,SEALED,binary_master,5,CALL,1.35972,1.3596,LOSS,Asia
2026-08-26T22:29:00.000Z,GBP/USD,SEALED,binary_master,5,CALL,1.35965,1.35964,LOSS,Asia
2026-08-26T22:45:00.000Z,GBP/USD,SEALED,binary_master,5,PUT,1.35963,1.35954,WIN,Asia
2026-08-27T01:10:00.000Z,GBP/USD,SEALED,binary_master,5,PUT,1.35906,1.35911,LOSS,Asia
2026-08-27T02:23:00.000Z,GBP/USD,SEALED,binary_master,5,PUT,1.3592,1.35908,WIN,Asia
2026-08-27T04:00:00.000Z,GBP/USD,SEALED,binary_master,5,PUT,1.35874,1.35907,LOSS,Asia
2026-08-27T05:28:00.000Z,GBP/USD,SEALED,binary_master,5,CALL,1.35896,1.35906,WIN,Asia
2026-08-27T11:08:00.000Z,GBP/USD,SEALED,binary_master,5,PUT,1.35774,1.35776,LOSS,London
2026-08-27T11:15:00.000Z,GBP/USD,SEALED,binary_master,5,CALL,1.3578,1.35805,WIN,London
2026-08-27T11:39:00.000Z,GBP/USD,SEALED,binary_master,5,PUT,1.35755,1.35739,WIN,London
2026-08-27T21:11:00.000Z,GBP/USD,SEALED,binary_master,5,PUT,1.35929,1.35901,WIN,Asia
2026-08-28T01:01:00.000Z,GBP/USD,SEALED,binary_master,5,PUT,1.35961,1.35971,LOSS,Asia
2026-08-28T01:09:00.000Z,GBP/USD,SEALED,binary_master,5,CALL,1.35974,1.35952,LOSS,Asia
2026-08-28T06:44:00.000Z,GBP/USD,SEALED,binary_master,5,PUT,1.3592,1.3593,LOSS,Asia
2026-08-28T08:46:00.000Z,GBP/USD,SEALED,binary_master,5,PUT,1.35846,1.35848,LOSS,London
2026-08-28T10:14:00.000Z,GBP/USD,SEALED,binary_master,5,CALL,1.35841,1.35834,LOSS,London
2026-08-28T16:55:00.000Z,GBP/USD,SEALED,binary_master,5,CALL,1.3543,1.35372,LOSS,New York
2026-08-19T00:46:00.000Z,USD/JPY,SEALED,binary_master,5,PUT,159.475,159.468,WIN,Asia
2026-08-19T04:09:00.000Z,USD/JPY,SEALED,binary_master,5,CALL,159.42,159.393,LOSS,Asia
2026-08-19T20:19:00.000Z,USD/JPY,SEALED,binary_master,5,CALL,158.178,158.186,WIN,New York
2026-08-20T02:30:00.000Z,USD/JPY,SEALED,binary_master,5,PUT,158.448,158.418,WIN,Asia
2026-08-20T08:31:00.000Z,USD/JPY,SEALED,binary_master,5,CALL,158.489,158.472,LOSS,London
2026-08-20T09:07:00.000Z,USD/JPY,SEALED,binary_master,5,PUT,158.48,158.42,WIN,London
2026-08-20T12:50:00.000Z,USD/JPY,SEALED,binary_master,5,PUT,158.672,158.644,WIN,London/NY overlap
2026-08-20T17:19:00.000Z,USD/JPY,SEALED,binary_master,5,CALL,159.018,159.056,WIN,New York
2026-08-20T18:56:00.000Z,USD/JPY,SEALED,binary_master,5,CALL,159.118,159.141,WIN,New York
2026-08-20T19:01:00.000Z,USD/JPY,SEALED,binary_master,5,PUT,159.143,159.156,LOSS,New York
2026-08-20T23:52:00.000Z,USD/JPY,SEALED,binary_master,5,PUT,158.89,158.926,LOSS,Asia
2026-08-21T00:34:00.000Z,USD/JPY,SEALED,binary_master,5,CALL,159.072,159.062,LOSS,Asia
2026-08-21T10:44:00.000Z,USD/JPY,SEALED,binary_master,5,CALL,158.606,158.619,WIN,London
2026-08-21T11:25:00.000Z,USD/JPY,SEALED,binary_master,5,PUT,158.661,158.584,WIN,London
2026-08-21T12:15:00.000Z,USD/JPY,SEALED,binary_master,5,CALL,158.704,158.742,WIN,London/NY overlap
2026-08-21T12:36:00.000Z,USD/JPY,SEALED,binary_master,5,PUT,158.748,158.834,LOSS,London/NY overlap
2026-08-21T14:11:00.000Z,USD/JPY,SEALED,binary_master,5,CALL,158.87,158.844,LOSS,London/NY overlap
2026-08-21T15:05:00.000Z,USD/JPY,SEALED,binary_master,5,CALL,158.936,158.96,WIN,London/NY overlap
2026-08-21T16:30:00.000Z,USD/JPY,SEALED,binary_master,5,PUT,158.956,158.944,WIN,New York
2026-08-23T22:50:00.000Z,USD/JPY,SEALED,binary_master,5,PUT,158.954,158.956,LOSS,Asia
2026-08-24T06:22:00.000Z,USD/JPY,SEALED,binary_master,5,CALL,158.922,158.944,WIN,Asia
2026-08-24T18:38:00.000Z,USD/JPY,SEALED,binary_master,5,CALL,159.194,159.185,LOSS,New York
2026-08-24T20:34:00.000Z,USD/JPY,SEALED,binary_master,5,CALL,159.154,159.146,LOSS,New York
2026-08-24T22:07:00.000Z,USD/JPY,SEALED,binary_master,5,PUT,159.068,159.104,LOSS,Asia
2026-08-24T22:17:00.000Z,USD/JPY,SEALED,binary_master,5,CALL,159.101,159.11,WIN,Asia
2026-08-25T00:56:00.000Z,USD/JPY,SEALED,binary_master,5,CALL,159.183,159.19,WIN,Asia
2026-08-25T02:38:00.000Z,USD/JPY,SEALED,binary_master,5,CALL,159.286,159.285,LOSS,Asia
2026-08-25T04:11:00.000Z,USD/JPY,SEALED,binary_master,5,CALL,159.358,159.348,LOSS,Asia
2026-08-25T05:02:00.000Z,USD/JPY,SEALED,binary_master,5,CALL,159.304,159.298,LOSS,Asia
2026-08-25T06:43:00.000Z,USD/JPY,SEALED,binary_master,5,PUT,159.34,159.367,LOSS,Asia
2026-08-25T10:26:00.000Z,USD/JPY,SEALED,binary_master,5,PUT,159.301,159.304,LOSS,London
2026-08-25T15:27:00.000Z,USD/JPY,SEALED,binary_master,5,PUT,159.264,159.269,LOSS,London/NY overlap
2026-08-25T21:44:00.000Z,USD/JPY,SEALED,binary_master,5,PUT,159.199,159.205,LOSS,Asia
2026-08-26T04:08:00.000Z,USD/JPY,SEALED,binary_master,5,CALL,158.984,158.976,LOSS,Asia
2026-08-26T04:34:00.000Z,USD/JPY,SEALED,binary_master,5,PUT,158.972,158.984,LOSS,Asia
2026-08-26T10:04:00.000Z,USD/JPY,SEALED,binary_master,5,CALL,158.999,158.999,TIE,London
2026-08-26T11:44:00.000Z,USD/JPY,SEALED,binary_master,5,PUT,159.132,159.13,WIN,London
2026-08-26T14:39:00.000Z,USD/JPY,SEALED,binary_master,5,PUT,159.4,159.356,WIN,London/NY overlap
2026-08-26T18:52:00.000Z,USD/JPY,SEALED,binary_master,5,PUT,159.392,159.41,LOSS,New York
2026-08-27T11:09:00.000Z,USD/JPY,SEALED,binary_master,5,CALL,159.484,159.492,WIN,London
2026-08-27T11:47:00.000Z,USD/JPY,SEALED,binary_master,5,CALL,159.473,159.506,WIN,London
2026-08-27T12:55:00.000Z,USD/JPY,SEALED,binary_master,5,PUT,159.424,159.43,LOSS,London/NY overlap
2026-08-27T13:47:00.000Z,USD/JPY,SEALED,binary_master,5,CALL,159.396,159.41,WIN,London/NY overlap
2026-08-27T16:46:00.000Z,USD/JPY,SEALED,binary_master,5,CALL,159.27,159.302,WIN,New York
2026-08-27T17:08:00.000Z,USD/JPY,SEALED,binary_master,5,PUT,159.291,159.31,LOSS,New York
2026-08-28T01:16:00.000Z,USD/JPY,SEALED,binary_master,5,PUT,159.348,159.355,LOSS,Asia
2026-08-28T02:39:00.000Z,USD/JPY,SEALED,binary_master,5,CALL,159.437,159.434,LOSS,Asia
2026-08-28T08:50:00.000Z,USD/JPY,SEALED,binary_master,5,CALL,159.574,159.584,WIN,London
2026-08-28T13:39:00.000Z,USD/JPY,SEALED,binary_master,5,PUT,159.652,159.652,TIE,London/NY overlap
2026-08-28T14:52:00.000Z,USD/JPY,SEALED,binary_master,5,CALL,159.927,159.878,LOSS,London/NY overlap
2026-08-28T17:09:00.000Z,USD/JPY,SEALED,binary_master,5,PUT,160.181,160.143,WIN,New York
2026-08-28T18:43:00.000Z,USD/JPY,SEALED,binary_master,5,CALL,160.172,160.158,LOSS,New York
2026-08-28T20:17:00.000Z,USD/JPY,SEALED,binary_master,5,CALL,160.082,160.096,WIN,New York
2026-08-19T01:35:00.000Z,AUD/USD,SEALED,binary_master,5,CALL,0.70742,0.70748,WIN,Asia
2026-08-19T01:56:00.000Z,AUD/USD,SEALED,binary_master,5,PUT,0.70748,0.7076,LOSS,Asia
2026-08-19T05:18:00.000Z,AUD/USD,SEALED,binary_master,5,PUT,0.70693,0.70688,WIN,Asia
2026-08-19T06:08:00.000Z,AUD/USD,SEALED,binary_master,5,CALL,0.70697,0.70683,LOSS,Asia
2026-08-19T06:14:00.000Z,AUD/USD,SEALED,binary_master,5,PUT,0.70678,0.70718,LOSS,Asia
2026-08-19T07:03:00.000Z,AUD/USD,SEALED,binary_master,5,CALL,0.70767,0.70751,LOSS,London
2026-08-19T08:33:00.000Z,AUD/USD,SEALED,binary_master,5,PUT,0.70778,0.70783,LOSS,London
2026-08-19T08:47:00.000Z,AUD/USD,SEALED,binary_master,5,CALL,0.70794,0.70785,LOSS,London
2026-08-19T09:57:00.000Z,AUD/USD,SEALED,binary_master,5,CALL,0.708,0.70789,LOSS,London
2026-08-19T10:00:00.000Z,AUD/USD,SEALED,binary_master,5,PUT,0.70798,0.70776,WIN,London
2026-08-19T10:20:00.000Z,AUD/USD,SEALED,binary_master,5,CALL,0.70802,0.7079,LOSS,London
2026-08-19T14:36:00.000Z,AUD/USD,SEALED,binary_master,5,CALL,0.71247,0.71284,WIN,London/NY overlap
2026-08-20T00:30:00.000Z,AUD/USD,SEALED,binary_master,5,PUT,0.71236,0.71226,WIN,Asia
2026-08-20T02:04:00.000Z,AUD/USD,SEALED,binary_master,5,CALL,0.71158,0.71197,WIN,Asia
2026-08-20T07:11:00.000Z,AUD/USD,SEALED,binary_master,5,PUT,0.71208,0.71211,LOSS,London
2026-08-20T14:13:00.000Z,AUD/USD,SEALED,binary_master,5,CALL,0.7119,0.7116,LOSS,London/NY overlap
2026-08-20T14:15:00.000Z,AUD/USD,SEALED,binary_master,5,PUT,0.71182,0.71168,WIN,London/NY overlap
2026-08-21T10:12:00.000Z,AUD/USD,SEALED,binary_master,5,CALL,0.71609,0.71614,WIN,London
2026-08-21T11:51:00.000Z,AUD/USD,SEALED,binary_master,5,PUT,0.71636,0.71622,WIN,London
2026-08-21T16:09:00.000Z,AUD/USD,SEALED,binary_master,5,PUT,0.71744,0.7174,WIN,New York
2026-08-24T03:41:00.000Z,AUD/USD,SEALED,binary_master,5,PUT,0.71654,0.71641,WIN,Asia
2026-08-24T09:46:00.000Z,AUD/USD,SEALED,binary_master,5,PUT,0.71621,0.7164,LOSS,London
2026-08-24T13:11:00.000Z,AUD/USD,SEALED,binary_master,5,CALL,0.71638,0.71658,WIN,London/NY overlap
2026-08-24T14:38:00.000Z,AUD/USD,SEALED,binary_master,5,PUT,0.71609,0.71582,WIN,London/NY overlap
2026-08-24T16:29:00.000Z,AUD/USD,SEALED,binary_master,5,CALL,0.7152,0.71508,LOSS,New York
2026-08-24T16:38:00.000Z,AUD/USD,SEALED,binary_master,5,PUT,0.71508,0.715,WIN,New York
2026-08-25T01:14:00.000Z,AUD/USD,SEALED,binary_master,5,CALL,0.71572,0.71562,LOSS,Asia
2026-08-25T08:07:00.000Z,AUD/USD,SEALED,binary_master,5,PUT,0.71414,0.71396,WIN,London
2026-08-26T00:33:00.000Z,AUD/USD,SEALED,binary_master,5,PUT,0.71656,0.71636,WIN,Asia
2026-08-26T02:14:00.000Z,AUD/USD,SEALED,binary_master,5,CALL,0.71801,0.71798,LOSS,Asia
2026-08-26T13:45:00.000Z,AUD/USD,SEALED,binary_master,5,PUT,0.71764,0.71781,LOSS,London/NY overlap
2026-08-26T14:53:00.000Z,AUD/USD,SEALED,binary_master,5,PUT,0.71683,0.71672,WIN,London/NY overlap
2026-08-26T20:04:00.000Z,AUD/USD,SEALED,binary_master,5,CALL,0.71731,0.71738,WIN,New York
2026-08-26T20:53:00.000Z,AUD/USD,SEALED,binary_master,5,PUT,0.71738,0.71734,WIN,New York
2026-08-26T21:24:00.000Z,AUD/USD,SEALED,binary_master,5,CALL,0.71735,0.71745,WIN,Asia
2026-08-26T23:30:00.000Z,AUD/USD,SEALED,binary_master,5,PUT,0.71814,0.71814,TIE,Asia
2026-08-27T00:59:00.000Z,AUD/USD,SEALED,binary_master,5,CALL,0.71806,0.71816,WIN,Asia
2026-08-27T16:33:00.000Z,AUD/USD,SEALED,binary_master,5,CALL,0.71956,0.71962,WIN,New York
2026-08-27T19:44:00.000Z,AUD/USD,SEALED,binary_master,5,CALL,0.71956,0.7196,WIN,New York
2026-08-28T04:13:00.000Z,AUD/USD,SEALED,binary_master,5,PUT,0.72008,0.72019,LOSS,Asia
2026-08-28T09:12:00.000Z,AUD/USD,SEALED,binary_master,5,CALL,0.71952,0.7195,LOSS,London
2026-08-28T12:37:00.000Z,AUD/USD,SEALED,binary_master,5,PUT,0.71936,0.71932,WIN,London/NY overlap
2026-08-28T17:20:00.000Z,AUD/USD,SEALED,binary_master,5,CALL,0.716,0.71595,LOSS,New York
2026-08-19T07:04:00.000Z,NZD/USD,SEALED,binary_master,5,CALL,0.58752,0.58754,WIN,London
2026-08-19T09:45:00.000Z,NZD/USD,SEALED,binary_master,5,PUT,0.58807,0.58817,LOSS,London
2026-08-19T11:24:00.000Z,NZD/USD,SEALED,binary_master,5,CALL,0.5881,0.58808,LOSS,London
2026-08-19T15:16:00.000Z,NZD/USD,SEALED,binary_master,5,CALL,0.59306,0.5931,WIN,London/NY overlap
2026-08-19T23:14:00.000Z,NZD/USD,SEALED,binary_master,5,CALL,0.59363,0.59365,WIN,Asia
2026-08-20T04:43:00.000Z,NZD/USD,SEALED,binary_master,5,PUT,0.59542,0.59532,WIN,Asia
2026-08-20T22:00:00.000Z,NZD/USD,SEALED,binary_master,5,PUT,0.5943,0.59454,LOSS,Asia
2026-08-21T12:04:00.000Z,NZD/USD,SEALED,binary_master,5,CALL,0.5985,0.59876,WIN,London/NY overlap
2026-08-21T14:10:00.000Z,NZD/USD,SEALED,binary_master,5,PUT,0.59784,0.59794,LOSS,London/NY overlap
2026-08-21T14:59:00.000Z,NZD/USD,SEALED,binary_master,5,CALL,0.5972,0.59735,WIN,London/NY overlap
2026-08-21T15:26:00.000Z,NZD/USD,SEALED,binary_master,5,PUT,0.59734,0.59756,LOSS,London/NY overlap
2026-08-21T16:59:00.000Z,NZD/USD,SEALED,binary_master,5,PUT,0.59806,0.5981,LOSS,New York
2026-08-21T17:27:00.000Z,NZD/USD,SEALED,binary_master,5,CALL,0.59806,0.59807,WIN,New York
2026-08-21T20:22:00.000Z,NZD/USD,SEALED,binary_master,5,PUT,0.5979,0.598,LOSS,New York
2026-08-24T12:48:00.000Z,NZD/USD,SEALED,binary_master,5,PUT,0.59645,0.59668,LOSS,London/NY overlap
2026-08-24T13:44:00.000Z,NZD/USD,SEALED,binary_master,5,PUT,0.59674,0.59689,LOSS,London/NY overlap
2026-08-24T23:43:00.000Z,NZD/USD,SEALED,binary_master,5,CALL,0.59619,0.5963,WIN,Asia
2026-08-25T01:45:00.000Z,NZD/USD,SEALED,binary_master,5,PUT,0.59606,0.59597,WIN,Asia
2026-08-25T08:43:00.000Z,NZD/USD,SEALED,binary_master,5,PUT,0.5953,0.59539,LOSS,London
2026-08-25T15:28:00.000Z,NZD/USD,SEALED,binary_master,5,PUT,0.59678,0.5969,LOSS,London/NY overlap
2026-08-25T16:30:00.000Z,NZD/USD,SEALED,binary_master,5,CALL,0.59691,0.59696,WIN,New York
2026-08-26T01:00:00.000Z,NZD/USD,SEALED,binary_master,5,PUT,0.59751,0.59761,LOSS,Asia
2026-08-26T20:22:00.000Z,NZD/USD,SEALED,binary_master,5,PUT,0.59428,0.59432,LOSS,New York
2026-08-27T05:10:00.000Z,NZD/USD,SEALED,binary_master,5,PUT,0.59505,0.59496,WIN,Asia
2026-08-27T06:18:00.000Z,NZD/USD,SEALED,binary_master,5,CALL,0.59486,0.5949,WIN,Asia
2026-08-27T07:04:00.000Z,NZD/USD,SEALED,binary_master,5,CALL,0.59498,0.59486,LOSS,London
2026-08-27T07:48:00.000Z,NZD/USD,SEALED,binary_master,5,CALL,0.59436,0.59406,LOSS,London
2026-08-27T13:02:00.000Z,NZD/USD,SEALED,binary_master,5,CALL,0.59476,0.59489,WIN,London/NY overlap
2026-08-27T16:13:00.000Z,NZD/USD,SEALED,binary_master,5,PUT,0.59503,0.5951,LOSS,New York
2026-08-27T19:28:00.000Z,NZD/USD,SEALED,binary_master,5,CALL,0.59494,0.5949,LOSS,New York
2026-08-27T22:18:00.000Z,NZD/USD,SEALED,binary_master,5,CALL,0.5951,0.59514,WIN,Asia
2026-08-28T00:26:00.000Z,NZD/USD,SEALED,binary_master,5,PUT,0.59554,0.59558,LOSS,Asia
2026-08-28T02:47:00.000Z,NZD/USD,SEALED,binary_master,5,PUT,0.596,0.59636,LOSS,Asia
2026-08-28T04:35:00.000Z,NZD/USD,SEALED,binary_master,5,PUT,0.59632,0.59628,WIN,Asia
2026-08-28T06:42:00.000Z,NZD/USD,SEALED,binary_master,5,PUT,0.59576,0.59595,LOSS,Asia
2026-08-28T07:37:00.000Z,NZD/USD,SEALED,binary_master,5,CALL,0.59604,0.59578,LOSS,London
2026-08-18T23:24:00.000Z,USD/CAD,SEALED,binary_master,5,CALL,1.38982,1.38985,WIN,Asia
2026-08-19T07:56:00.000Z,USD/CAD,SEALED,binary_master,5,CALL,1.3875,1.38754,WIN,London
2026-08-19T18:41:00.000Z,USD/CAD,SEALED,binary_master,5,PUT,1.38134,1.38133,WIN,New York
2026-08-20T01:18:00.000Z,USD/CAD,SEALED,binary_master,5,PUT,1.38086,1.3804,WIN,Asia
2026-08-20T03:11:00.000Z,USD/CAD,SEALED,binary_master,5,PUT,1.38074,1.3805,WIN,Asia
2026-08-20T11:13:00.000Z,USD/CAD,SEALED,binary_master,5,PUT,1.37684,1.37664,WIN,London
2026-08-20T14:43:00.000Z,USD/CAD,SEALED,binary_master,5,PUT,1.37846,1.37828,WIN,London/NY overlap
2026-08-21T03:28:00.000Z,USD/CAD,SEALED,binary_master,5,CALL,1.37634,1.37651,WIN,Asia
2026-08-21T07:55:00.000Z,USD/CAD,SEALED,binary_master,5,CALL,1.37624,1.37598,LOSS,London
2026-08-21T09:48:00.000Z,USD/CAD,SEALED,binary_master,5,PUT,1.37494,1.3748,WIN,London
2026-08-21T12:29:00.000Z,USD/CAD,SEALED,binary_master,5,PUT,1.37386,1.37398,LOSS,London/NY overlap
2026-08-21T17:19:00.000Z,USD/CAD,SEALED,binary_master,5,PUT,1.37634,1.37624,WIN,New York
2026-08-21T19:15:00.000Z,USD/CAD,SEALED,binary_master,5,CALL,1.37645,1.37653,WIN,New York
2026-08-21T20:54:00.000Z,USD/CAD,SEALED,binary_master,5,CALL,1.3769,1.37674,LOSS,New York
2026-08-24T04:07:00.000Z,USD/CAD,SEALED,binary_master,5,CALL,1.37946,1.3796,WIN,Asia
2026-08-24T15:30:00.000Z,USD/CAD,SEALED,binary_master,5,PUT,1.38331,1.38359,LOSS,London/NY overlap
2026-08-24T16:28:00.000Z,USD/CAD,SEALED,binary_master,5,CALL,1.38422,1.38426,WIN,New York
2026-08-24T18:51:00.000Z,USD/CAD,SEALED,binary_master,5,PUT,1.38524,1.38506,WIN,New York
2026-08-24T23:47:00.000Z,USD/CAD,SEALED,binary_master,5,PUT,1.38431,1.3843,WIN,Asia
2026-08-25T01:22:00.000Z,USD/CAD,SEALED,binary_master,5,CALL,1.38477,1.38495,WIN,Asia
2026-08-25T08:45:00.000Z,USD/CAD,SEALED,binary_master,5,PUT,1.38605,1.38618,LOSS,London
2026-08-25T16:19:00.000Z,USD/CAD,SEALED,binary_master,5,CALL,1.3838,1.38386,WIN,New York
2026-08-25T18:43:00.000Z,USD/CAD,SEALED,binary_master,5,CALL,1.38318,1.38319,WIN,New York
2026-08-26T00:09:00.000Z,USD/CAD,SEALED,binary_master,5,CALL,1.38396,1.38388,LOSS,Asia
2026-08-26T07:54:00.000Z,USD/CAD,SEALED,binary_master,5,CALL,1.3862,1.38647,WIN,London
2026-08-26T17:21:00.000Z,USD/CAD,SEALED,binary_master,5,PUT,1.38752,1.38734,WIN,New York
2026-08-26T19:02:00.000Z,USD/CAD,SEALED,binary_master,5,PUT,1.3878,1.38784,LOSS,New York
2026-08-26T21:31:00.000Z,USD/CAD,SEALED,binary_master,5,CALL,1.38775,1.38753,LOSS,Asia
2026-08-27T01:10:00.000Z,USD/CAD,SEALED,binary_master,5,CALL,1.38775,1.38776,WIN,Asia
2026-08-27T02:23:00.000Z,USD/CAD,SEALED,binary_master,5,CALL,1.38798,1.38802,WIN,Asia
2026-08-27T04:05:00.000Z,USD/CAD,SEALED,binary_master,5,PUT,1.38828,1.38846,LOSS,Asia
2026-08-27T08:48:00.000Z,USD/CAD,SEALED,binary_master,5,PUT,1.38816,1.38822,LOSS,London
2026-08-27T09:57:00.000Z,USD/CAD,SEALED,binary_master,5,PUT,1.38824,1.38842,LOSS,London
2026-08-27T10:10:00.000Z,USD/CAD,SEALED,binary_master,5,CALL,1.38844,1.38832,LOSS,London
2026-08-27T14:05:00.000Z,USD/CAD,SEALED,binary_master,5,PUT,1.38636,1.38606,WIN,London/NY overlap
2026-08-27T20:00:00.000Z,USD/CAD,SEALED,binary_master,5,PUT,1.38532,1.38548,LOSS,New York
2026-08-28T01:07:00.000Z,USD/CAD,SEALED,binary_master,5,CALL,1.38498,1.38494,LOSS,Asia
2026-08-28T10:12:00.000Z,USD/CAD,SEALED,binary_master,5,PUT,1.3854,1.38516,WIN,London
2026-08-28T11:45:00.000Z,USD/CAD,SEALED,binary_master,5,PUT,1.38496,1.38485,WIN,London
2026-08-28T17:05:00.000Z,USD/CAD,SEALED,binary_master,5,CALL,1.39036,1.3902,LOSS,New York
2026-08-28T20:26:00.000Z,USD/CAD,SEALED,binary_master,5,PUT,1.39035,1.39018,WIN,New York
2026-08-19T05:20:00.000Z,USD/CHF,SEALED,binary_master,5,PUT,0.8109,0.81102,LOSS,Asia
2026-08-19T06:01:00.000Z,USD/CHF,SEALED,binary_master,5,CALL,0.81121,0.81101,LOSS,Asia
2026-08-19T06:59:00.000Z,USD/CHF,SEALED,binary_master,5,CALL,0.81064,0.81064,TIE,Asia
2026-08-19T19:46:00.000Z,USD/CHF,SEALED,binary_master,5,CALL,0.79766,0.79771,WIN,New York
2026-08-19T23:19:00.000Z,USD/CHF,SEALED,binary_master,5,CALL,0.79746,0.79756,WIN,Asia
2026-08-20T03:34:00.000Z,USD/CHF,SEALED,binary_master,5,CALL,0.79974,0.79998,WIN,Asia
2026-08-20T10:50:00.000Z,USD/CHF,SEALED,binary_master,5,CALL,0.79604,0.79658,WIN,London
2026-08-20T12:50:00.000Z,USD/CHF,SEALED,binary_master,5,PUT,0.79772,0.7977,WIN,London/NY overlap
2026-08-20T15:01:00.000Z,USD/CHF,SEALED,binary_master,5,CALL,0.79864,0.7979,LOSS,London/NY overlap
2026-08-20T16:18:00.000Z,USD/CHF,SEALED,binary_master,5,CALL,0.80027,0.80016,LOSS,New York
2026-08-21T00:22:00.000Z,USD/CHF,SEALED,binary_master,5,PUT,0.7997,0.79974,LOSS,Asia
2026-08-21T00:36:00.000Z,USD/CHF,SEALED,binary_master,5,CALL,0.79994,0.79994,TIE,Asia
2026-08-21T07:15:00.000Z,USD/CHF,SEALED,binary_master,5,CALL,0.80009,0.79983,LOSS,London
2026-08-21T13:01:00.000Z,USD/CHF,SEALED,binary_master,5,PUT,0.7999,0.8001,LOSS,London/NY overlap
2026-08-24T04:03:00.000Z,USD/CHF,SEALED,binary_master,5,PUT,0.80038,0.80055,LOSS,Asia
2026-08-24T04:09:00.000Z,USD/CHF,SEALED,binary_master,5,CALL,0.80057,0.80044,LOSS,Asia
2026-08-24T08:47:00.000Z,USD/CHF,SEALED,binary_master,5,PUT,0.80244,0.80214,WIN,London
2026-08-24T10:41:00.000Z,USD/CHF,SEALED,binary_master,5,PUT,0.80236,0.80259,LOSS,London
2026-08-24T13:59:00.000Z,USD/CHF,SEALED,binary_master,5,PUT,0.80227,0.80224,WIN,London/NY overlap
2026-08-25T00:39:00.000Z,USD/CHF,SEALED,binary_master,5,PUT,0.80218,0.80218,TIE,Asia
2026-08-25T06:09:00.000Z,USD/CHF,SEALED,binary_master,5,PUT,0.80378,0.80352,WIN,Asia
2026-08-25T11:02:00.000Z,USD/CHF,SEALED,binary_master,5,CALL,0.8028,0.80288,WIN,London
2026-08-25T11:14:00.000Z,USD/CHF,SEALED,binary_master,5,PUT,0.80272,0.80285,LOSS,London
2026-08-25T15:22:00.000Z,USD/CHF,SEALED,binary_master,5,PUT,0.80268,0.80283,LOSS,London/NY overlap
2026-08-25T18:15:00.000Z,USD/CHF,SEALED,binary_master,5,PUT,0.80202,0.80211,LOSS,New York
2026-08-25T21:38:00.000Z,USD/CHF,SEALED,binary_master,5,PUT,0.80148,0.80118,WIN,Asia
2026-08-26T07:43:00.000Z,USD/CHF,SEALED,binary_master,5,PUT,0.80339,0.80352,LOSS,London
2026-08-26T11:53:00.000Z,USD/CHF,SEALED,binary_master,5,CALL,0.80423,0.80414,LOSS,London
2026-08-26T14:18:00.000Z,USD/CHF,SEALED,binary_master,5,PUT,0.80544,0.80566,LOSS,London/NY overlap
2026-08-27T01:10:00.000Z,USD/CHF,SEALED,binary_master,5,CALL,0.80536,0.80522,LOSS,Asia
2026-08-27T03:52:00.000Z,USD/CHF,SEALED,binary_master,5,PUT,0.80542,0.80545,LOSS,Asia
2026-08-27T07:08:00.000Z,USD/CHF,SEALED,binary_master,5,PUT,0.80559,0.80556,WIN,London
2026-08-27T08:45:00.000Z,USD/CHF,SEALED,binary_master,5,PUT,0.80563,0.80549,WIN,London
2026-08-27T09:56:00.000Z,USD/CHF,SEALED,binary_master,5,PUT,0.80561,0.80596,LOSS,London
2026-08-27T18:44:00.000Z,USD/CHF,SEALED,binary_master,5,PUT,0.80436,0.80438,LOSS,New York
2026-08-27T19:29:00.000Z,USD/CHF,SEALED,binary_master,5,CALL,0.80438,0.80434,LOSS,New York
2026-08-27T23:26:00.000Z,USD/CHF,SEALED,binary_master,5,CALL,0.80402,0.80402,TIE,Asia
2026-08-27T23:43:00.000Z,USD/CHF,SEALED,binary_master,5,PUT,0.80389,0.8038,WIN,Asia
2026-08-28T01:50:00.000Z,USD/CHF,SEALED,binary_master,5,CALL,0.80436,0.80439,WIN,Asia
2026-08-28T08:56:00.000Z,USD/CHF,SEALED,binary_master,5,CALL,0.80415,0.80408,LOSS,London
2026-08-28T08:59:00.000Z,USD/CHF,SEALED,binary_master,5,PUT,0.8042,0.8044,LOSS,London
2026-08-28T19:20:00.000Z,USD/CHF,SEALED,binary_master,5,PUT,0.80968,0.80948,WIN,New York
2026-08-19T00:38:00.000Z,EUR/GBP,SEALED,binary_master,5,PUT,0.85528,0.85526,WIN,Asia
2026-08-19T02:42:00.000Z,EUR/GBP,SEALED,binary_master,5,PUT,0.85555,0.8556,LOSS,Asia
2026-08-19T05:35:00.000Z,EUR/GBP,SEALED,binary_master,5,PUT,0.85557,0.85558,LOSS,Asia
2026-08-19T06:58:00.000Z,EUR/GBP,SEALED,binary_master,5,CALL,0.85573,0.85566,LOSS,Asia
2026-08-19T10:57:00.000Z,EUR/GBP,SEALED,binary_master,5,CALL,0.85611,0.8561,LOSS,London
2026-08-19T12:43:00.000Z,EUR/GBP,SEALED,binary_master,5,CALL,0.8561,0.8557,LOSS,London/NY overlap
2026-08-19T17:11:00.000Z,EUR/GBP,SEALED,binary_master,5,CALL,0.85742,0.85752,WIN,New York
2026-08-20T00:28:00.000Z,EUR/GBP,SEALED,binary_master,5,PUT,0.85836,0.85833,WIN,Asia
2026-08-20T07:11:00.000Z,EUR/GBP,SEALED,binary_master,5,PUT,0.85827,0.85814,WIN,London
2026-08-20T10:13:00.000Z,EUR/GBP,SEALED,binary_master,5,PUT,0.85752,0.85748,WIN,London
2026-08-20T12:49:00.000Z,EUR/GBP,SEALED,binary_master,5,PUT,0.85703,0.85688,WIN,London/NY overlap
2026-08-20T13:29:00.000Z,EUR/GBP,SEALED,binary_master,5,CALL,0.85673,0.85665,LOSS,London/NY overlap
2026-08-20T15:07:00.000Z,EUR/GBP,SEALED,binary_master,5,PUT,0.85686,0.85673,WIN,London/NY overlap
2026-08-20T17:07:00.000Z,EUR/GBP,SEALED,binary_master,5,CALL,0.85656,0.85659,WIN,New York
2026-08-20T21:39:00.000Z,EUR/GBP,SEALED,binary_master,5,CALL,0.8568,0.85678,LOSS,Asia
2026-08-20T23:46:00.000Z,EUR/GBP,SEALED,binary_master,5,CALL,0.85674,0.85674,TIE,Asia
2026-08-21T00:57:00.000Z,EUR/GBP,SEALED,binary_master,5,CALL,0.85672,0.85672,TIE,Asia
2026-08-21T05:46:00.000Z,EUR/GBP,SEALED,binary_master,5,CALL,0.85702,0.85704,WIN,Asia
2026-08-21T06:10:00.000Z,EUR/GBP,SEALED,binary_master,5,CALL,0.85703,0.85694,LOSS,Asia
2026-08-21T06:22:00.000Z,EUR/GBP,SEALED,binary_master,5,PUT,0.85696,0.85704,LOSS,Asia
2026-08-21T18:23:00.000Z,EUR/GBP,SEALED,binary_master,5,CALL,0.85578,0.8557,LOSS,New York
2026-08-23T21:36:00.000Z,EUR/GBP,SEALED,binary_master,5,PUT,0.85573,0.85614,LOSS,Asia
2026-08-23T23:00:00.000Z,EUR/GBP,SEALED,binary_master,5,CALL,0.8558,0.85579,LOSS,Asia
2026-08-24T08:14:00.000Z,EUR/GBP,SEALED,binary_master,5,PUT,0.85562,0.8557,LOSS,London
2026-08-24T11:16:00.000Z,EUR/GBP,SEALED,binary_master,5,PUT,0.85596,0.85599,LOSS,London
2026-08-24T14:13:00.000Z,EUR/GBP,SEALED,binary_master,5,CALL,0.85522,0.85543,WIN,London/NY overlap
2026-08-24T16:50:00.000Z,EUR/GBP,SEALED,binary_master,5,CALL,0.85559,0.85564,WIN,New York
2026-08-24T17:04:00.000Z,EUR/GBP,SEALED,binary_master,5,PUT,0.8555,0.85553,LOSS,New York
2026-08-24T17:40:00.000Z,EUR/GBP,SEALED,binary_master,5,CALL,0.8555,0.85548,LOSS,New York
2026-08-24T18:28:00.000Z,EUR/GBP,SEALED,binary_master,5,PUT,0.85553,0.85558,LOSS,New York
2026-08-24T21:05:00.000Z,EUR/GBP,SEALED,binary_master,5,CALL,0.8554,0.8555,WIN,Asia
2026-08-25T08:00:00.000Z,EUR/GBP,SEALED,binary_master,5,CALL,0.85486,0.85504,WIN,London
2026-08-25T11:48:00.000Z,EUR/GBP,SEALED,binary_master,5,PUT,0.85546,0.85532,WIN,London
2026-08-25T23:02:00.000Z,EUR/GBP,SEALED,binary_master,5,PUT,0.85545,0.85544,WIN,Asia
2026-08-26T09:07:00.000Z,EUR/GBP,SEALED,binary_master,5,PUT,0.8564,0.85638,WIN,London
2026-08-26T12:21:00.000Z,EUR/GBP,SEALED,binary_master,5,CALL,0.85622,0.85628,WIN,London/NY overlap
2026-08-26T15:08:00.000Z,EUR/GBP,SEALED,binary_master,5,PUT,0.85705,0.85713,LOSS,London/NY overlap
2026-08-26T17:52:00.000Z,EUR/GBP,SEALED,binary_master,5,PUT,0.85716,0.85716,TIE,New York
2026-08-26T21:17:00.000Z,EUR/GBP,SEALED,binary_master,5,CALL,0.8572,0.85734,WIN,Asia
2026-08-26T21:53:00.000Z,EUR/GBP,SEALED,binary_master,5,CALL,0.85731,0.85731,TIE,Asia
2026-08-26T23:25:00.000Z,EUR/GBP,SEALED,binary_master,5,PUT,0.85723,0.85724,LOSS,Asia
2026-08-27T06:54:00.000Z,EUR/GBP,SEALED,binary_master,5,PUT,0.85766,0.85764,WIN,Asia
2026-08-27T14:24:00.000Z,EUR/GBP,SEALED,binary_master,5,CALL,0.85741,0.85757,WIN,London/NY overlap
2026-08-27T16:49:00.000Z,EUR/GBP,SEALED,binary_master,5,CALL,0.85708,0.85706,LOSS,New York
2026-08-27T20:53:00.000Z,EUR/GBP,SEALED,binary_master,5,CALL,0.85722,0.8572,LOSS,New York
2026-08-27T23:58:00.000Z,EUR/GBP,SEALED,binary_master,5,CALL,0.85712,0.85712,TIE,Asia
2026-08-28T00:11:00.000Z,EUR/GBP,SEALED,binary_master,5,PUT,0.85708,0.85708,TIE,Asia
2026-08-28T04:31:00.000Z,EUR/GBP,SEALED,binary_master,5,CALL,0.85704,0.85704,TIE,Asia
2026-08-28T05:00:00.000Z,EUR/GBP,SEALED,binary_master,5,PUT,0.85704,0.85706,LOSS,Asia
2026-08-28T05:40:00.000Z,EUR/GBP,SEALED,binary_master,5,PUT,0.857,0.85694,WIN,Asia
2026-08-28T09:10:00.000Z,EUR/GBP,SEALED,binary_master,5,CALL,0.85708,0.85703,LOSS,London
2026-08-28T10:42:00.000Z,EUR/GBP,SEALED,binary_master,5,CALL,0.857,0.85694,LOSS,London
2026-08-28T13:53:00.000Z,EUR/GBP,SEALED,binary_master,5,CALL,0.85763,0.85734,LOSS,London/NY overlap
2026-08-28T14:03:00.000Z,EUR/GBP,SEALED,binary_master,5,PUT,0.85746,0.8572,WIN,London/NY overlap
2026-08-28T17:50:00.000Z,EUR/GBP,SEALED,binary_master,5,PUT,0.85594,0.85585,WIN,New York
2026-08-28T19:39:00.000Z,EUR/GBP,SEALED,binary_master,5,PUT,0.85588,0.85588,TIE,New York
2026-08-28T19:56:00.000Z,EUR/GBP,SEALED,binary_master,5,CALL,0.85594,0.85583,LOSS,New York
2026-08-19T00:28:00.000Z,EUR/JPY,SEALED,binary_master,5,CALL,184.68,184.674,LOSS,Asia
2026-08-19T02:08:00.000Z,EUR/JPY,SEALED,binary_master,5,PUT,184.608,184.598,WIN,Asia
2026-08-19T08:24:00.000Z,EUR/JPY,SEALED,binary_master,5,PUT,184.536,184.551,LOSS,London
2026-08-19T10:54:00.000Z,EUR/JPY,SEALED,binary_master,5,PUT,184.646,184.654,LOSS,London
2026-08-19T14:29:00.000Z,EUR/JPY,SEALED,binary_master,5,CALL,184.693,184.659,LOSS,London/NY overlap
2026-08-19T19:19:00.000Z,EUR/JPY,SEALED,binary_master,5,PUT,184.799,184.776,WIN,New York
2026-08-19T23:25:00.000Z,EUR/JPY,SEALED,binary_master,5,PUT,184.702,184.734,LOSS,Asia
2026-08-20T04:07:00.000Z,EUR/JPY,SEALED,binary_master,5,PUT,185.042,185.052,LOSS,Asia
2026-08-20T09:08:00.000Z,EUR/JPY,SEALED,binary_master,5,PUT,185.357,185.392,LOSS,London
2026-08-20T11:29:00.000Z,EUR/JPY,SEALED,binary_master,5,PUT,185.416,185.412,WIN,London
2026-08-20T13:07:00.000Z,EUR/JPY,SEALED,binary_master,5,CALL,185.416,185.398,LOSS,London/NY overlap
2026-08-20T13:52:00.000Z,EUR/JPY,SEALED,binary_master,5,CALL,185.428,185.411,LOSS,London/NY overlap
2026-08-20T15:01:00.000Z,EUR/JPY,SEALED,binary_master,5,PUT,185.44,185.469,LOSS,London/NY overlap
2026-08-20T16:13:00.000Z,EUR/JPY,SEALED,binary_master,5,CALL,185.591,185.585,LOSS,New York
2026-08-20T20:26:00.000Z,EUR/JPY,SEALED,binary_master,5,CALL,185.82,185.81,LOSS,New York
2026-08-21T00:30:00.000Z,EUR/JPY,SEALED,binary_master,5,PUT,185.822,185.882,LOSS,Asia
2026-08-21T01:02:00.000Z,EUR/JPY,SEALED,binary_master,5,PUT,185.888,185.9,LOSS,Asia
2026-08-21T02:54:00.000Z,EUR/JPY,SEALED,binary_master,5,CALL,185.937,185.94,WIN,Asia
2026-08-21T03:52:00.000Z,EUR/JPY,SEALED,binary_master,5,PUT,185.976,185.94,WIN,Asia
2026-08-21T07:21:00.000Z,EUR/JPY,SEALED,binary_master,5,CALL,185.858,185.828,LOSS,London
2026-08-21T17:41:00.000Z,EUR/JPY,SEALED,binary_master,5,PUT,185.728,185.742,LOSS,New York
2026-08-24T00:52:00.000Z,EUR/JPY,SEALED,binary_master,5,CALL,185.546,185.512,LOSS,Asia
2026-08-24T14:56:00.000Z,EUR/JPY,SEALED,binary_master,5,CALL,185.67,185.716,WIN,London/NY overlap
2026-08-25T00:42:00.000Z,EUR/JPY,SEALED,binary_master,5,PUT,185.685,185.68,WIN,Asia
2026-08-25T01:13:00.000Z,EUR/JPY,SEALED,binary_master,5,PUT,185.676,185.672,WIN,Asia
2026-08-25T02:33:00.000Z,EUR/JPY,SEALED,binary_master,5,PUT,185.768,185.778,LOSS,Asia
2026-08-25T03:31:00.000Z,EUR/JPY,SEALED,binary_master,5,PUT,185.82,185.83,LOSS,Asia
2026-08-25T09:26:00.000Z,EUR/JPY,SEALED,binary_master,5,CALL,185.92,185.872,LOSS,London
2026-08-25T11:09:00.000Z,EUR/JPY,SEALED,binary_master,5,CALL,185.75,185.768,WIN,London
2026-08-25T14:29:00.000Z,EUR/JPY,SEALED,binary_master,5,PUT,185.864,185.844,WIN,London/NY overlap
2026-08-25T16:33:00.000Z,EUR/JPY,SEALED,binary_master,5,CALL,185.866,185.87,WIN,New York
2026-08-25T19:13:00.000Z,EUR/JPY,SEALED,binary_master,5,CALL,185.902,185.89,LOSS,New York
2026-08-26T03:53:00.000Z,EUR/JPY,SEALED,binary_master,5,CALL,185.431,185.408,LOSS,Asia
2026-08-26T05:43:00.000Z,EUR/JPY,SEALED,binary_master,5,PUT,185.466,185.474,LOSS,Asia
2026-08-26T06:04:00.000Z,EUR/JPY,SEALED,binary_master,5,CALL,185.474,185.502,WIN,Asia
2026-08-26T07:23:00.000Z,EUR/JPY,SEALED,binary_master,5,CALL,185.566,185.568,WIN,London
2026-08-26T07:48:00.000Z,EUR/JPY,SEALED,binary_master,5,PUT,185.578,185.536,WIN,London
2026-08-26T10:19:00.000Z,EUR/JPY,SEALED,binary_master,5,CALL,185.486,185.515,WIN,London
2026-08-26T14:46:00.000Z,EUR/JPY,SEALED,binary_master,5,CALL,185.638,185.642,WIN,London/NY overlap
2026-08-26T15:07:00.000Z,EUR/JPY,SEALED,binary_master,5,CALL,185.64,185.676,WIN,London/NY overlap
2026-08-26T20:18:00.000Z,EUR/JPY,SEALED,binary_master,5,PUT,185.678,185.663,WIN,New York
2026-08-26T21:32:00.000Z,EUR/JPY,SEALED,binary_master,5,CALL,185.634,185.626,LOSS,Asia
2026-08-27T06:27:00.000Z,EUR/JPY,SEALED,binary_master,5,CALL,185.718,185.736,WIN,Asia
2026-08-27T10:05:00.000Z,EUR/JPY,SEALED,binary_master,5,PUT,185.639,185.642,LOSS,London
2026-08-27T16:11:00.000Z,EUR/JPY,SEALED,binary_master,5,PUT,185.564,185.564,TIE,New York
2026-08-27T22:26:00.000Z,EUR/JPY,SEALED,binary_master,5,CALL,185.727,185.731,WIN,Asia
2026-08-28T01:32:00.000Z,EUR/JPY,SEALED,binary_master,5,CALL,185.714,185.723,WIN,Asia
2026-08-28T04:47:00.000Z,EUR/JPY,SEALED,binary_master,5,PUT,185.733,185.733,TIE,Asia
2026-08-28T06:03:00.000Z,EUR/JPY,SEALED,binary_master,5,CALL,185.786,185.762,LOSS,Asia
2026-08-19T02:53:00.000Z,GBP/JPY,SEALED,binary_master,5,PUT,215.752,215.752,TIE,Asia
2026-08-19T04:57:00.000Z,GBP/JPY,SEALED,binary_master,5,PUT,215.729,215.748,LOSS,Asia
2026-08-19T20:47:00.000Z,GBP/JPY,SEALED,binary_master,5,PUT,215.188,215.202,LOSS,New York
2026-08-19T23:25:00.000Z,GBP/JPY,SEALED,binary_master,5,PUT,215.2,215.236,LOSS,Asia
2026-08-20T00:42:00.000Z,GBP/JPY,SEALED,binary_master,5,CALL,215.379,215.39,WIN,Asia
2026-08-20T05:50:00.000Z,GBP/JPY,SEALED,binary_master,5,PUT,215.86,215.834,WIN,Asia
2026-08-20T09:07:00.000Z,GBP/JPY,SEALED,binary_master,5,PUT,216.044,216.05,LOSS,London
2026-08-20T10:49:00.000Z,GBP/JPY,SEALED,binary_master,5,PUT,216.144,216.17,LOSS,London
2026-08-20T13:21:00.000Z,GBP/JPY,SEALED,binary_master,5,PUT,216.421,216.388,WIN,London/NY overlap
2026-08-20T16:07:00.000Z,GBP/JPY,SEALED,binary_master,5,PUT,216.64,216.688,LOSS,New York
2026-08-20T17:26:00.000Z,GBP/JPY,SEALED,binary_master,5,CALL,216.71,216.711,WIN,New York
2026-08-20T18:47:00.000Z,GBP/JPY,SEALED,binary_master,5,PUT,216.812,216.862,LOSS,New York
2026-08-20T21:31:00.000Z,GBP/JPY,SEALED,binary_master,5,PUT,216.807,216.794,WIN,Asia
2026-08-21T01:02:00.000Z,GBP/JPY,SEALED,binary_master,5,PUT,216.98,216.982,LOSS,Asia
2026-08-21T01:14:00.000Z,GBP/JPY,SEALED,binary_master,5,CALL,216.992,216.954,LOSS,Asia
2026-08-21T05:02:00.000Z,GBP/JPY,SEALED,binary_master,5,PUT,216.944,216.932,WIN,Asia
2026-08-21T07:09:00.000Z,GBP/JPY,SEALED,binary_master,5,PUT,216.816,216.867,LOSS,London
2026-08-21T07:21:00.000Z,GBP/JPY,SEALED,binary_master,5,CALL,216.902,216.89,LOSS,London
2026-08-21T07:35:00.000Z,GBP/JPY,SEALED,binary_master,5,PUT,216.83,216.799,WIN,London
2026-08-21T16:31:00.000Z,GBP/JPY,SEALED,binary_master,5,CALL,216.844,216.856,WIN,New York
2026-08-21T18:31:00.000Z,GBP/JPY,SEALED,binary_master,5,CALL,217.086,217.096,WIN,New York
2026-08-23T23:17:00.000Z,GBP/JPY,SEALED,binary_master,5,CALL,216.881,216.885,WIN,Asia
2026-08-24T00:52:00.000Z,GBP/JPY,SEALED,binary_master,5,CALL,216.792,216.776,LOSS,Asia
2026-08-24T03:01:00.000Z,GBP/JPY,SEALED,binary_master,5,CALL,216.865,216.902,WIN,Asia
2026-08-24T14:18:00.000Z,GBP/JPY,SEALED,binary_master,5,CALL,217.056,217.064,WIN,London/NY overlap
2026-08-25T10:00:00.000Z,GBP/JPY,SEALED,binary_master,5,CALL,217.32,217.296,LOSS,London
2026-08-25T10:51:00.000Z,GBP/JPY,SEALED,binary_master,5,CALL,217.208,217.148,LOSS,London
2026-08-25T13:46:00.000Z,GBP/JPY,SEALED,binary_master,5,PUT,217.238,217.206,WIN,London/NY overlap
2026-08-25T13:50:00.000Z,GBP/JPY,SEALED,binary_master,5,CALL,217.236,217.214,LOSS,London/NY overlap
2026-08-25T13:52:00.000Z,GBP/JPY,SEALED,binary_master,5,PUT,217.21,217.227,LOSS,London/NY overlap
2026-08-25T16:20:00.000Z,GBP/JPY,SEALED,binary_master,5,PUT,217.135,217.138,LOSS,New York
2026-08-25T19:17:00.000Z,GBP/JPY,SEALED,binary_master,5,CALL,217.276,217.276,TIE,New York
2026-08-25T19:30:00.000Z,GBP/JPY,SEALED,binary_master,5,PUT,217.267,217.249,WIN,New York
2026-08-25T22:36:00.000Z,GBP/JPY,SEALED,binary_master,5,CALL,217.3,217.3,TIE,Asia
2026-08-25T22:57:00.000Z,GBP/JPY,SEALED,binary_master,5,CALL,217.307,217.305,LOSS,Asia
2026-08-27T04:41:00.000Z,GBP/JPY,SEALED,binary_master,5,PUT,216.529,216.514,WIN,Asia
2026-08-27T07:03:00.000Z,GBP/JPY,SEALED,binary_master,5,CALL,216.56,216.564,WIN,London
2026-08-27T21:49:00.000Z,GBP/JPY,SEALED,binary_master,5,PUT,216.635,216.632,WIN,Asia
2026-08-28T00:14:00.000Z,GBP/JPY,SEALED,binary_master,5,CALL,216.654,216.663,WIN,Asia
2026-08-28T01:35:00.000Z,GBP/JPY,SEALED,binary_master,5,CALL,216.63,216.652,WIN,Asia
2026-08-28T02:08:00.000Z,GBP/JPY,SEALED,binary_master,5,PUT,216.672,216.665,WIN,Asia
2026-08-28T02:12:00.000Z,GBP/JPY,SEALED,binary_master,5,CALL,216.677,216.65,LOSS,Asia
2026-08-28T02:36:00.000Z,GBP/JPY,SEALED,binary_master,5,CALL,216.671,216.654,LOSS,Asia
2026-08-28T09:53:00.000Z,GBP/JPY,SEALED,binary_master,5,PUT,216.834,216.87,LOSS,London
2026-08-28T11:55:00.000Z,GBP/JPY,SEALED,binary_master,5,PUT,216.904,216.893,WIN,London
2026-08-28T12:54:00.000Z,GBP/JPY,SEALED,binary_master,5,CALL,216.736,216.77,WIN,London/NY overlap
2026-08-28T18:07:00.000Z,GBP/JPY,SEALED,binary_master,5,PUT,216.676,216.676,TIE,New York
2026-08-28T20:03:00.000Z,GBP/JPY,SEALED,binary_master,5,PUT,216.702,216.688,WIN,New York
2026-08-19T05:38:00.000Z,AUD/JPY,SEALED,binary_master,5,CALL,112.58,112.573,LOSS,Asia
2026-08-19T06:10:00.000Z,AUD/JPY,SEALED,binary_master,5,PUT,112.568,112.538,WIN,Asia
2026-08-19T06:52:00.000Z,AUD/JPY,SEALED,binary_master,5,CALL,112.612,112.652,WIN,Asia
2026-08-19T08:33:00.000Z,AUD/JPY,SEALED,binary_master,5,PUT,112.609,112.605,WIN,London
2026-08-19T13:59:00.000Z,AUD/JPY,SEALED,binary_master,5,PUT,112.791,112.774,WIN,London/NY overlap
2026-08-19T17:22:00.000Z,AUD/JPY,SEALED,binary_master,5,PUT,112.794,112.814,LOSS,New York
2026-08-20T00:08:00.000Z,AUD/JPY,SEALED,binary_master,5,CALL,112.757,112.8,WIN,Asia
2026-08-20T03:26:00.000Z,AUD/JPY,SEALED,binary_master,5,CALL,112.744,112.762,WIN,Asia
2026-08-20T20:08:00.000Z,AUD/JPY,SEALED,binary_master,5,PUT,113.172,113.174,LOSS,New York
2026-08-21T01:47:00.000Z,AUD/JPY,SEALED,binary_master,5,CALL,113.346,113.374,WIN,Asia
2026-08-21T04:21:00.000Z,AUD/JPY,SEALED,binary_master,5,CALL,113.538,113.536,LOSS,Asia
2026-08-21T04:34:00.000Z,AUD/JPY,SEALED,binary_master,5,PUT,113.538,113.542,LOSS,Asia
2026-08-21T04:44:00.000Z,AUD/JPY,SEALED,binary_master,5,CALL,113.552,113.575,WIN,Asia
2026-08-21T05:25:00.000Z,AUD/JPY,SEALED,binary_master,5,CALL,113.53,113.53,TIE,Asia
2026-08-21T13:49:00.000Z,AUD/JPY,SEALED,binary_master,5,CALL,113.843,113.829,LOSS,London/NY overlap
2026-08-24T07:37:00.000Z,AUD/JPY,SEALED,binary_master,5,CALL,114.02,114.019,LOSS,London
2026-08-24T12:43:00.000Z,AUD/JPY,SEALED,binary_master,5,PUT,113.887,113.894,LOSS,London/NY overlap
2026-08-24T19:22:00.000Z,AUD/JPY,SEALED,binary_master,5,CALL,113.792,113.785,LOSS,New York
2026-08-24T19:37:00.000Z,AUD/JPY,SEALED,binary_master,5,PUT,113.769,113.76,WIN,New York
2026-08-25T02:29:00.000Z,AUD/JPY,SEALED,binary_master,5,CALL,113.948,113.953,WIN,Asia
2026-08-25T08:09:00.000Z,AUD/JPY,SEALED,binary_master,5,PUT,113.888,113.86,WIN,London
2026-08-25T17:21:00.000Z,AUD/JPY,SEALED,binary_master,5,CALL,113.98,113.976,LOSS,New York
2026-08-26T04:30:00.000Z,AUD/JPY,SEALED,binary_master,5,PUT,114.159,114.132,WIN,Asia
2026-08-26T13:34:00.000Z,AUD/JPY,SEALED,binary_master,5,CALL,114.32,114.342,WIN,London/NY overlap
2026-08-26T15:56:00.000Z,AUD/JPY,SEALED,binary_master,5,PUT,114.231,114.234,LOSS,London/NY overlap
2026-08-26T20:23:00.000Z,AUD/JPY,SEALED,binary_master,5,PUT,114.296,114.3,LOSS,New York
2026-08-27T03:48:00.000Z,AUD/JPY,SEALED,binary_master,5,PUT,114.458,114.446,WIN,Asia
2026-08-27T13:05:00.000Z,AUD/JPY,SEALED,binary_master,5,CALL,114.584,114.63,WIN,London/NY overlap
2026-08-27T21:28:00.000Z,AUD/JPY,SEALED,binary_master,5,CALL,114.694,114.682,LOSS,Asia
2026-08-28T00:02:00.000Z,AUD/JPY,SEALED,binary_master,5,CALL,114.639,114.648,WIN,Asia
2026-08-28T01:42:00.000Z,AUD/JPY,SEALED,binary_master,5,CALL,114.727,114.732,WIN,Asia
2026-08-28T05:42:00.000Z,AUD/JPY,SEALED,binary_master,5,PUT,114.766,114.774,LOSS,Asia
2026-08-28T05:59:00.000Z,AUD/JPY,SEALED,binary_master,5,CALL,114.787,114.802,WIN,Asia
2026-08-28T07:37:00.000Z,AUD/JPY,SEALED,binary_master,5,CALL,114.764,114.742,LOSS,London
2026-08-28T10:49:00.000Z,AUD/JPY,SEALED,binary_master,5,PUT,114.946,114.938,WIN,London
2026-08-28T13:27:00.000Z,AUD/JPY,SEALED,binary_master,5,PUT,114.932,114.902,WIN,London/NY overlap
2026-08-28T16:34:00.000Z,AUD/JPY,SEALED,binary_master,5,CALL,114.69,114.676,LOSS,New York
2026-08-28T17:06:00.000Z,AUD/JPY,SEALED,binary_master,5,PUT,114.658,114.676,LOSS,New York
2026-08-19T00:44:00.000Z,EUR/AUD,SEALED,binary_master,5,CALL,1.63492,1.63518,WIN,Asia
2026-08-19T05:18:00.000Z,EUR/AUD,SEALED,binary_master,5,CALL,1.6391,1.63912,WIN,Asia
2026-08-19T07:03:00.000Z,EUR/AUD,SEALED,binary_master,5,PUT,1.63852,1.6388,LOSS,London
2026-08-19T14:13:00.000Z,EUR/AUD,SEALED,binary_master,5,PUT,1.63697,1.63754,LOSS,London/NY overlap
2026-08-19T14:44:00.000Z,EUR/AUD,SEALED,binary_master,5,PUT,1.63793,1.63835,LOSS,London/NY overlap
2026-08-19T16:09:00.000Z,EUR/AUD,SEALED,binary_master,5,PUT,1.63752,1.63754,LOSS,New York
2026-08-19T19:37:00.000Z,EUR/AUD,SEALED,binary_master,5,PUT,1.63862,1.63854,WIN,New York
2026-08-19T21:45:00.000Z,EUR/AUD,SEALED,binary_master,5,PUT,1.63938,1.63906,WIN,Asia
2026-08-20T02:46:00.000Z,EUR/AUD,SEALED,binary_master,5,PUT,1.64152,1.6416,LOSS,Asia
2026-08-20T05:52:00.000Z,EUR/AUD,SEALED,binary_master,5,PUT,1.64058,1.64095,LOSS,Asia
2026-08-20T07:11:00.000Z,EUR/AUD,SEALED,binary_master,5,PUT,1.64052,1.64047,WIN,London
2026-08-20T12:33:00.000Z,EUR/AUD,SEALED,binary_master,5,PUT,1.6438,1.6436,WIN,London/NY overlap
2026-08-20T17:49:00.000Z,EUR/AUD,SEALED,binary_master,5,PUT,1.64124,1.64134,LOSS,New York
2026-08-20T23:34:00.000Z,EUR/AUD,SEALED,binary_master,5,PUT,1.64185,1.64188,LOSS,Asia
2026-08-23T21:29:00.000Z,EUR/AUD,SEALED,binary_master,5,PUT,1.62992,1.6302,LOSS,Asia
2026-08-23T21:53:00.000Z,EUR/AUD,SEALED,binary_master,5,CALL,1.63023,1.63005,LOSS,Asia
2026-08-24T00:51:00.000Z,EUR/AUD,SEALED,binary_master,5,PUT,1.62881,1.62884,LOSS,Asia
2026-08-24T14:07:00.000Z,EUR/AUD,SEALED,binary_master,5,PUT,1.62878,1.62878,TIE,London/NY overlap
2026-08-24T19:43:00.000Z,EUR/AUD,SEALED,binary_master,5,CALL,1.63151,1.63157,WIN,New York
2026-08-24T21:43:00.000Z,EUR/AUD,SEALED,binary_master,5,CALL,1.63126,1.63178,WIN,Asia
2026-08-25T02:13:00.000Z,EUR/AUD,SEALED,binary_master,5,PUT,1.63031,1.63032,LOSS,Asia
2026-08-25T08:56:00.000Z,EUR/AUD,SEALED,binary_master,5,PUT,1.6321,1.63213,LOSS,London
2026-08-25T12:03:00.000Z,EUR/AUD,SEALED,binary_master,5,CALL,1.63004,1.63024,WIN,London/NY overlap
2026-08-25T12:54:00.000Z,EUR/AUD,SEALED,binary_master,5,PUT,1.6308,1.63058,WIN,London/NY overlap
2026-08-25T15:55:00.000Z,EUR/AUD,SEALED,binary_master,5,CALL,1.63094,1.63052,LOSS,London/NY overlap
2026-08-25T20:40:00.000Z,EUR/AUD,SEALED,binary_master,5,CALL,1.62938,1.62948,WIN,New York
2026-08-25T22:17:00.000Z,EUR/AUD,SEALED,binary_master,5,CALL,1.62986,1.62993,WIN,Asia
2026-08-26T02:09:00.000Z,EUR/AUD,SEALED,binary_master,5,CALL,1.62602,1.62564,LOSS,Asia
2026-08-26T06:28:00.000Z,EUR/AUD,SEALED,binary_master,5,CALL,1.62402,1.62484,WIN,Asia
2026-08-26T11:23:00.000Z,EUR/AUD,SEALED,binary_master,5,PUT,1.62418,1.6241,WIN,London
2026-08-26T13:03:00.000Z,EUR/AUD,SEALED,binary_master,5,PUT,1.62398,1.624,LOSS,London/NY overlap
2026-08-26T13:39:00.000Z,EUR/AUD,SEALED,binary_master,5,PUT,1.6243,1.62414,WIN,London/NY overlap
2026-08-26T19:32:00.000Z,EUR/AUD,SEALED,binary_master,5,PUT,1.62443,1.62454,LOSS,New York
2026-08-26T20:30:00.000Z,EUR/AUD,SEALED,binary_master,5,CALL,1.62452,1.6245,LOSS,New York
2026-08-26T22:21:00.000Z,EUR/AUD,SEALED,binary_master,5,PUT,1.62392,1.62404,LOSS,Asia
2026-08-27T00:58:00.000Z,EUR/AUD,SEALED,binary_master,5,PUT,1.62353,1.6233,WIN,Asia
2026-08-27T01:45:00.000Z,EUR/AUD,SEALED,binary_master,5,CALL,1.62322,1.62308,LOSS,Asia
2026-08-27T02:45:00.000Z,EUR/AUD,SEALED,binary_master,5,CALL,1.6227,1.62228,LOSS,Asia
2026-08-27T04:53:00.000Z,EUR/AUD,SEALED,binary_master,5,PUT,1.62236,1.62208,WIN,Asia
2026-08-27T06:39:00.000Z,EUR/AUD,SEALED,binary_master,5,CALL,1.62212,1.62237,WIN,Asia
2026-08-27T15:18:00.000Z,EUR/AUD,SEALED,binary_master,5,CALL,1.6196,1.61954,LOSS,London/NY overlap
2026-08-27T22:15:00.000Z,EUR/AUD,SEALED,binary_master,5,CALL,1.6198,1.61978,LOSS,Asia
2026-08-28T05:32:00.000Z,EUR/AUD,SEALED,binary_master,5,PUT,1.61812,1.6181,WIN,Asia
2026-08-28T08:24:00.000Z,EUR/AUD,SEALED,binary_master,5,PUT,1.61838,1.61862,LOSS,London
2026-08-28T08:49:00.000Z,EUR/AUD,SEALED,binary_master,5,PUT,1.61854,1.61844,WIN,London
2026-08-28T17:19:00.000Z,EUR/AUD,SEALED,binary_master,5,PUT,1.61806,1.6183,LOSS,New York
2026-08-28T17:46:00.000Z,EUR/AUD,SEALED,binary_master,5,PUT,1.61796,1.61765,WIN,New York
2026-08-28T19:21:00.000Z,EUR/AUD,SEALED,binary_master,5,CALL,1.61768,1.61768,TIE,New York
2026-08-28T20:19:00.000Z,EUR/AUD,SEALED,binary_master,5,CALL,1.61753,1.61768,WIN,New York