Trade number,Type,Date and time,Signal,Price CHF,Size (qty),Size (value),Net PnL CHF,Return %,Commission CHF,Favorable excursion CHF,Favorable excursion %,Adverse excursion CHF,Adverse excursion %,Cumulative PnL CHF,Cumulative PnL %,Duration (bars)
1,Exit short,2023-01-17 09:00,TIME_EXIT,0.91921,1,0.92112,0.002,0.21,0,0.002,0.25,-0.001,-0.15,0.002,0.00,3
1,Entry short,2023-01-17 06:00,USDCHF_1100_SHORT,0.92112,1,0.92112,0.002,0.21,0,0.002,0.25,-0.001,-0.15,0.002,0.00,3
2,Exit short,2023-01-18 09:00,TP_OR_SL,0.90978,1,0.91346,0.004,0.40,0,0.004,0.40,-0.001,-0.16,0.01,0.00,3
2,Entry short,2023-01-18 06:00,USDCHF_1100_SHORT,0.91346,1,0.91346,0.004,0.40,0,0.004,0.40,-0.001,-0.16,0.01,0.00,3
3,Exit short,2023-01-26 07:00,TP_OR_SL,0.9189,1,0.91756,-0.001,-0.15,0,0.00004,0.00,-0.001,-0.15,0.004,0.00,1
3,Entry short,2023-01-26 06:00,USDCHF_1100_SHORT,0.91756,1,0.91756,-0.001,-0.15,0,0.00004,0.00,-0.001,-0.15,0.004,0.00,1
4,Exit short,2023-02-01 09:00,TIME_EXIT,0.91586,1,0.9158,-0.0001,-0.01,0,0.001,0.16,-0.001,-0.07,0.004,0.00,3
4,Entry short,2023-02-01 06:00,USDCHF_1100_SHORT,0.9158,1,0.9158,-0.0001,-0.01,0,0.001,0.16,-0.001,-0.07,0.004,0.00,3
5,Exit short,2023-02-20 07:00,TP_OR_SL,0.9238,1,0.92244,-0.001,-0.15,0,0.0001,0.01,-0.001,-0.15,0.003,0.00,1
5,Entry short,2023-02-20 06:00,USDCHF_1100_SHORT,0.92244,1,0.92244,-0.001,-0.15,0,0.0001,0.01,-0.001,-0.15,0.003,0.00,1
6,Exit short,2023-03-10 07:00,TP_OR_SL,0.92939,1,0.92764,-0.002,-0.19,0,0.002,0.18,-0.002,-0.19,0.001,0.00,1
6,Entry short,2023-03-10 06:00,USDCHF_1100_SHORT,0.92764,1,0.92764,-0.002,-0.19,0,0.002,0.18,-0.002,-0.19,0.001,0.00,1
7,Exit short,2023-04-13 08:00,TP_OR_SL,0.8879,1,0.8906,0.003,0.30,0,0.003,0.30,-0.00005,-0.01,0.004,0.00,1
7,Entry short,2023-04-13 07:00,USDCHF_1100_SHORT,0.8906,1,0.8906,0.003,0.30,0,0.003,0.30,-0.00005,-0.01,0.004,0.00,1
8,Exit short,2023-04-21 09:00,TP_OR_SL,0.89307,1,0.89196,-0.001,-0.12,0,0.001,0.13,-0.001,-0.12,0.003,0.00,2
8,Entry short,2023-04-21 07:00,USDCHF_1100_SHORT,0.89196,1,0.89196,-0.001,-0.12,0,0.001,0.13,-0.001,-0.12,0.003,0.00,2
9,Exit short,2023-06-07 08:00,TP_OR_SL,0.90656,1,0.90556,-0.001,-0.11,0,0.001,0.06,-0.001,-0.11,0.002,0.00,1
9,Entry short,2023-06-07 07:00,USDCHF_1100_SHORT,0.90556,1,0.90556,-0.001,-0.11,0,0.001,0.06,-0.001,-0.11,0.002,0.00,1
10,Exit short,2023-06-26 08:00,TP_OR_SL,0.8929,1,0.8917,-0.001,-0.13,0,0.0001,0.01,-0.001,-0.13,0.0005,0.00,1
10,Entry short,2023-06-26 07:00,USDCHF_1100_SHORT,0.8917,1,0.8917,-0.001,-0.13,0,0.0001,0.01,-0.001,-0.13,0.0005,0.00,1
11,Exit short,2023-06-27 08:00,TP_OR_SL,0.89255,1,0.89468,0.002,0.24,0,0.002,0.24,0,0.00,0.003,0.00,1
11,Entry short,2023-06-27 07:00,USDCHF_1100_SHORT,0.89468,1,0.89468,0.002,0.24,0,0.002,0.24,0,0.00,0.003,0.00,1
12,Exit short,2023-07-13 09:00,TP_OR_SL,0.86004,1,0.86284,0.003,0.32,0,0.003,0.32,-0.001,-0.13,0.01,0.00,2
12,Entry short,2023-07-13 07:00,USDCHF_1100_SHORT,0.86284,1,0.86284,0.003,0.32,0,0.003,0.32,-0.001,-0.13,0.01,0.00,2
13,Exit short,2023-08-10 08:00,TP_OR_SL,0.87122,1,0.87304,0.002,0.21,0,0.002,0.21,-0.001,-0.10,0.01,0.00,1
13,Entry short,2023-08-10 07:00,USDCHF_1100_SHORT,0.87304,1,0.87304,0.002,0.21,0,0.002,0.21,-0.001,-0.10,0.01,0.00,1
14,Exit short,2023-08-30 08:00,TP_OR_SL,0.87722,1,0.87932,0.002,0.24,0,0.002,0.24,-0.0002,-0.03,0.01,0.00,1
14,Entry short,2023-08-30 07:00,USDCHF_1100_SHORT,0.87932,1,0.87932,0.002,0.24,0,0.002,0.24,-0.0002,-0.03,0.01,0.00,1
15,Exit short,2023-10-05 08:00,TP_OR_SL,0.91594,1,0.91444,-0.001,-0.16,0,0.0004,0.05,-0.001,-0.16,0.01,0.00,1
15,Entry short,2023-10-05 07:00,USDCHF_1100_SHORT,0.91444,1,0.91444,-0.001,-0.16,0,0.0004,0.05,-0.001,-0.16,0.01,0.00,1
16,Exit short,2023-10-06 08:00,TP_OR_SL,0.91241,1,0.91124,-0.001,-0.13,0,0.0001,0.01,-0.001,-0.13,0.01,0.00,1
16,Entry short,2023-10-06 07:00,USDCHF_1100_SHORT,0.91124,1,0.91124,-0.001,-0.13,0,0.0001,0.01,-0.001,-0.13,0.01,0.00,1
17,Exit short,2023-10-09 10:00,TP_OR_SL,0.90678,1,0.90976,0.003,0.33,0,0.003,0.33,-0.001,-0.07,0.01,0.00,3
17,Entry short,2023-10-09 07:00,USDCHF_1100_SHORT,0.90976,1,0.90976,0.003,0.33,0,0.003,0.33,-0.001,-0.07,0.01,0.00,3
18,Exit short,2023-10-16 10:00,TP_OR_SL,0.90322,1,0.90207,-0.001,-0.13,0,0.001,0.15,-0.001,-0.13,0.01,0.00,3
18,Entry short,2023-10-16 07:00,USDCHF_1100_SHORT,0.90207,1,0.90207,-0.001,-0.13,0,0.001,0.15,-0.001,-0.13,0.01,0.00,3
19,Exit short,2023-10-17 08:00,TP_OR_SL,0.90088,1,0.89986,-0.001,-0.11,0,0.0002,0.02,-0.001,-0.11,0.01,0.00,1
19,Entry short,2023-10-17 07:00,USDCHF_1100_SHORT,0.89986,1,0.89986,-0.001,-0.11,0,0.0002,0.02,-0.001,-0.11,0.01,0.00,1
20,Exit short,2023-10-19 10:00,TIME_EXIT,0.89674,1,0.89732,0.001,0.06,0,0.001,0.15,-0.0002,-0.02,0.01,0.00,3
20,Entry short,2023-10-19 07:00,USDCHF_1100_SHORT,0.89732,1,0.89732,0.001,0.06,0,0.001,0.15,-0.0002,-0.02,0.01,0.00,3
21,Exit short,2023-10-20 08:00,TP_OR_SL,0.89254,1,0.89124,-0.001,-0.15,0,0,0.00,-0.001,-0.15,0.01,0.00,1
21,Entry short,2023-10-20 07:00,USDCHF_1100_SHORT,0.89124,1,0.89124,-0.001,-0.15,0,0,0.00,-0.001,-0.15,0.01,0.00,1
22,Exit short,2023-11-15 08:00,TP_OR_SL,0.88556,1,0.88776,0.002,0.25,0,0.002,0.25,-0.001,-0.09,0.01,0.00,2
22,Entry short,2023-11-15 06:00,USDCHF_1100_SHORT,0.88776,1,0.88776,0.002,0.25,0,0.002,0.25,-0.001,-0.09,0.01,0.00,2
23,Exit short,2023-11-24 09:00,TIME_EXIT,0.88192,1,0.88344,0.002,0.17,0,0.002,0.19,-0.0004,-0.04,0.01,0.00,3
23,Entry short,2023-11-24 06:00,USDCHF_1100_SHORT,0.88344,1,0.88344,0.002,0.17,0,0.002,0.19,-0.0004,-0.04,0.01,0.00,3
24,Exit short,2023-12-12 08:00,TP_OR_SL,0.87301,1,0.8752,0.002,0.25,0,0.002,0.25,-0.0002,-0.03,0.01,0.00,2
24,Entry short,2023-12-12 06:00,USDCHF_1100_SHORT,0.8752,1,0.8752,0.002,0.25,0,0.002,0.25,-0.0002,-0.03,0.01,0.00,2
25,Exit short,2023-12-14 08:00,TP_OR_SL,0.87036,1,0.86841,-0.002,-0.22,0,0.001,0.17,-0.002,-0.22,0.01,0.00,2
25,Entry short,2023-12-14 06:00,USDCHF_1100_SHORT,0.86841,1,0.86841,-0.002,-0.22,0,0.001,0.17,-0.002,-0.22,0.01,0.00,2
26,Exit short,2023-12-15 08:00,TP_OR_SL,0.86749,1,0.86608,-0.001,-0.16,0,0.0004,0.04,-0.001,-0.16,0.01,0.00,2
26,Entry short,2023-12-15 06:00,USDCHF_1100_SHORT,0.86608,1,0.86608,-0.001,-0.16,0,0.0004,0.04,-0.001,-0.16,0.01,0.00,2
27,Exit short,2023-12-18 07:00,TP_OR_SL,0.86831,1,0.86709,-0.001,-0.14,0,0.0003,0.03,-0.001,-0.14,0.01,0.00,1
27,Entry short,2023-12-18 06:00,USDCHF_1100_SHORT,0.86709,1,0.86709,-0.001,-0.14,0,0.0003,0.03,-0.001,-0.14,0.01,0.00,1
28,Exit short,2023-12-19 07:00,TP_OR_SL,0.86408,1,0.86606,0.002,0.23,0,0.002,0.23,0,0.00,0.01,0.00,1
28,Entry short,2023-12-19 06:00,USDCHF_1100_SHORT,0.86606,1,0.86606,0.002,0.23,0,0.002,0.23,0,0.00,0.01,0.00,1
29,Exit short,2023-12-21 08:00,TP_OR_SL,0.85679,1,0.8591,0.002,0.27,0,0.002,0.27,-0.001,-0.06,0.01,0.00,2
29,Entry short,2023-12-21 06:00,USDCHF_1100_SHORT,0.8591,1,0.8591,0.002,0.27,0,0.002,0.27,-0.001,-0.06,0.01,0.00,2
30,Exit short,2023-12-22 07:00,TP_OR_SL,0.85446,1,0.85336,-0.001,-0.13,0,0.0004,0.04,-0.001,-0.13,0.01,0.00,1
30,Entry short,2023-12-22 06:00,USDCHF_1100_SHORT,0.85336,1,0.85336,-0.001,-0.13,0,0.0004,0.04,-0.001,-0.13,0.01,0.00,1
31,Exit short,2023-12-29 08:00,TP_OR_SL,0.83808,1,0.83636,-0.002,-0.21,0,0.001,0.08,-0.002,-0.21,0.01,0.00,2
31,Entry short,2023-12-29 06:00,USDCHF_1100_SHORT,0.83636,1,0.83636,-0.002,-0.21,0,0.001,0.08,-0.002,-0.21,0.01,0.00,2
32,Exit short,2024-01-24 08:00,TP_OR_SL,0.86297,1,0.86526,0.002,0.26,0,0.002,0.26,0,0.00,0.01,0.00,2
32,Entry short,2024-01-24 06:00,USDCHF_1100_SHORT,0.86526,1,0.86526,0.002,0.26,0,0.002,0.26,0,0.00,0.01,0.00,2
33,Exit short,2024-01-26 07:00,TP_OR_SL,0.86427,1,0.86302,-0.001,-0.14,0,0.0001,0.01,-0.001,-0.14,0.01,0.00,1
33,Entry short,2024-01-26 06:00,USDCHF_1100_SHORT,0.86302,1,0.86302,-0.001,-0.14,0,0.0001,0.01,-0.001,-0.14,0.01,0.00,1
34,Exit short,2024-02-02 08:00,TP_OR_SL,0.85689,1,0.8558,-0.001,-0.13,0,0.0003,0.04,-0.001,-0.13,0.01,0.00,2
34,Entry short,2024-02-02 06:00,USDCHF_1100_SHORT,0.8558,1,0.8558,-0.001,-0.13,0,0.0003,0.04,-0.001,-0.13,0.01,0.00,2
35,Exit short,2024-02-16 08:00,TP_OR_SL,0.88146,1,0.88064,-0.001,-0.09,0,0.0002,0.03,-0.001,-0.09,0.01,0.00,2
35,Entry short,2024-02-16 06:00,USDCHF_1100_SHORT,0.88064,1,0.88064,-0.001,-0.09,0,0.0002,0.03,-0.001,-0.09,0.01,0.00,2
36,Exit short,2024-02-19 08:00,TP_OR_SL,0.88127,1,0.88034,-0.001,-0.11,0,0.0004,0.04,-0.001,-0.11,0.01,0.00,2
36,Entry short,2024-02-19 06:00,USDCHF_1100_SHORT,0.88034,1,0.88034,-0.001,-0.11,0,0.0004,0.04,-0.001,-0.11,0.01,0.00,2
37,Exit short,2024-03-07 09:00,TIME_EXIT,0.87974,1,0.87967,-0.0001,-0.01,0,0.001,0.13,-0.001,-0.09,0.01,0.00,3
37,Entry short,2024-03-07 06:00,USDCHF_1100_SHORT,0.87967,1,0.87967,-0.0001,-0.01,0,0.001,0.13,-0.001,-0.09,0.01,0.00,3
38,Exit short,2024-04-10 08:00,TP_OR_SL,0.90436,1,0.9036,-0.001,-0.08,0,0.001,0.12,-0.001,-0.08,0.01,0.00,1
38,Entry short,2024-04-10 07:00,USDCHF_1100_SHORT,0.9036,1,0.9036,-0.001,-0.08,0,0.001,0.12,-0.001,-0.08,0.01,0.00,1
39,Exit short,2024-04-18 08:00,TP_OR_SL,0.90949,1,0.9086,-0.001,-0.10,0,0.0001,0.01,-0.001,-0.10,0.01,0.00,1
39,Entry short,2024-04-18 07:00,USDCHF_1100_SHORT,0.9086,1,0.9086,-0.001,-0.10,0,0.0001,0.01,-0.001,-0.10,0.01,0.00,1
40,Exit short,2024-05-02 10:00,TP_OR_SL,0.91351,1,0.91203,-0.001,-0.16,0,0.001,0.12,-0.001,-0.16,0.005,0.00,3
40,Entry short,2024-05-02 07:00,USDCHF_1100_SHORT,0.91203,1,0.91203,-0.001,-0.16,0,0.001,0.12,-0.001,-0.16,0.005,0.00,3
41,Exit short,2024-05-03 08:00,TP_OR_SL,0.9045,1,0.90678,0.002,0.25,0,0.002,0.25,-0.0003,-0.04,0.01,0.00,1
41,Entry short,2024-05-03 07:00,USDCHF_1100_SHORT,0.90678,1,0.90678,0.002,0.25,0,0.002,0.25,-0.0003,-0.04,0.01,0.00,1
42,Exit short,2024-05-28 08:00,TP_OR_SL,0.90903,1,0.91042,0.001,0.15,0,0.001,0.15,-0.0002,-0.03,0.01,0.00,1
42,Entry short,2024-05-28 07:00,USDCHF_1100_SHORT,0.91042,1,0.91042,0.001,0.15,0,0.001,0.15,-0.0002,-0.03,0.01,0.00,1
43,Exit short,2024-06-03 10:00,TP_OR_SL,0.89989,1,0.90192,0.002,0.23,0,0.002,0.23,-0.0001,-0.01,0.01,0.00,3
43,Entry short,2024-06-03 07:00,USDCHF_1100_SHORT,0.90192,1,0.90192,0.002,0.23,0,0.002,0.23,-0.0001,-0.01,0.01,0.00,3
44,Exit short,2024-06-14 10:00,TIME_EXIT,0.89048,1,0.89205,0.002,0.18,0,0.002,0.19,-0.001,-0.11,0.01,0.00,3
44,Entry short,2024-06-14 07:00,USDCHF_1100_SHORT,0.89205,1,0.89205,0.002,0.18,0,0.002,0.19,-0.001,-0.11,0.01,0.00,3
45,Exit short,2024-06-18 08:00,TP_OR_SL,0.88626,1,0.88788,0.002,0.18,0,0.002,0.18,-0.00002,0.00,0.01,0.00,1
45,Entry short,2024-06-18 07:00,USDCHF_1100_SHORT,0.88788,1,0.88788,0.002,0.18,0,0.002,0.18,-0.00002,0.00,0.01,0.00,1
46,Exit short,2024-06-19 10:00,TIME_EXIT,0.88434,1,0.88414,-0.0002,-0.02,0,0.001,0.06,-0.0003,-0.03,0.01,0.00,3
46,Entry short,2024-06-19 07:00,USDCHF_1100_SHORT,0.88414,1,0.88414,-0.0002,-0.02,0,0.001,0.06,-0.0003,-0.03,0.01,0.00,3
47,Exit short,2024-07-04 10:00,TIME_EXIT,0.9,1,0.8997,-0.0003,-0.03,0,0.001,0.06,-0.001,-0.10,0.01,0.00,3
47,Entry short,2024-07-04 07:00,USDCHF_1100_SHORT,0.8997,1,0.8997,-0.0003,-0.03,0,0.001,0.06,-0.001,-0.10,0.01,0.00,3
48,Exit short,2024-07-12 08:00,TP_OR_SL,0.89629,1,0.89548,-0.001,-0.09,0,0.00001,0.00,-0.001,-0.09,0.01,0.00,1
48,Entry short,2024-07-12 07:00,USDCHF_1100_SHORT,0.89548,1,0.89548,-0.001,-0.09,0,0.00001,0.00,-0.001,-0.09,0.01,0.00,1
49,Exit short,2024-07-24 08:00,TP_OR_SL,0.88471,1,0.88648,0.002,0.20,0,0.002,0.20,-0.0001,-0.01,0.01,0.00,1
49,Entry short,2024-07-24 07:00,USDCHF_1100_SHORT,0.88648,1,0.88648,0.002,0.20,0,0.002,0.20,-0.0001,-0.01,0.01,0.00,1
50,Exit short,2024-07-25 08:00,TP_OR_SL,0.87929,1,0.87807,-0.001,-0.14,0,0.0001,0.01,-0.001,-0.14,0.01,0.00,1
50,Entry short,2024-07-25 07:00,USDCHF_1100_SHORT,0.87807,1,0.87807,-0.001,-0.14,0,0.0001,0.01,-0.001,-0.14,0.01,0.00,1
51,Exit short,2024-07-31 09:00,TP_OR_SL,0.87787,1,0.88033,0.002,0.28,0,0.002,0.28,-0.0001,-0.01,0.02,0.00,2
51,Entry short,2024-07-31 07:00,USDCHF_1100_SHORT,0.88033,1,0.88033,0.002,0.28,0,0.002,0.28,-0.0001,-0.01,0.02,0.00,2
52,Exit short,2024-08-19 08:00,TP_OR_SL,0.86535,1,0.86402,-0.001,-0.15,0,0.0002,0.02,-0.001,-0.15,0.01,0.00,1
52,Entry short,2024-08-19 07:00,USDCHF_1100_SHORT,0.86402,1,0.86402,-0.001,-0.15,0,0.0002,0.02,-0.001,-0.15,0.01,0.00,1
53,Exit short,2024-08-20 10:00,TP_OR_SL,0.85748,1,0.85956,0.002,0.24,0,0.002,0.24,-0.001,-0.11,0.02,0.00,3
53,Entry short,2024-08-20 07:00,USDCHF_1100_SHORT,0.85956,1,0.85956,0.002,0.24,0,0.002,0.24,-0.001,-0.11,0.02,0.00,3
54,Exit short,2024-08-27 09:00,TP_OR_SL,0.84393,1,0.84604,0.002,0.25,0,0.002,0.25,-0.0002,-0.02,0.02,0.00,2
54,Entry short,2024-08-27 07:00,USDCHF_1100_SHORT,0.84604,1,0.84604,0.002,0.25,0,0.002,0.25,-0.0002,-0.02,0.02,0.00,2
55,Exit short,2024-09-13 09:00,TP_OR_SL,0.84462,1,0.84719,0.003,0.30,0,0.003,0.30,-0.0005,-0.06,0.02,0.00,2
55,Entry short,2024-09-13 07:00,USDCHF_1100_SHORT,0.84719,1,0.84719,0.003,0.30,0,0.003,0.30,-0.0005,-0.06,0.02,0.00,2
56,Exit short,2024-10-21 10:00,TP_OR_SL,0.86464,1,0.86387,-0.001,-0.09,0,0.001,0.06,-0.001,-0.09,0.02,0.00,3
56,Entry short,2024-10-21 07:00,USDCHF_1100_SHORT,0.86387,1,0.86387,-0.001,-0.09,0,0.001,0.06,-0.001,-0.09,0.02,0.00,3
57,Exit short,2024-11-04 07:00,TP_OR_SL,0.8633,1,0.86206,-0.001,-0.14,0,0.00002,0.00,-0.001,-0.14,0.02,0.00,1
57,Entry short,2024-11-04 06:00,USDCHF_1100_SHORT,0.86206,1,0.86206,-0.001,-0.14,0,0.00002,0.00,-0.001,-0.14,0.02,0.00,1
58,Exit short,2024-11-05 07:00,TP_OR_SL,0.8625,1,0.8617,-0.001,-0.09,0,0.0001,0.01,-0.001,-0.09,0.02,0.00,1
58,Entry short,2024-11-05 06:00,USDCHF_1100_SHORT,0.8617,1,0.8617,-0.001,-0.09,0,0.0001,0.01,-0.001,-0.09,0.02,0.00,1
59,Exit short,2024-11-08 08:00,TP_OR_SL,0.87214,1,0.87094,-0.001,-0.14,0,0.0001,0.01,-0.001,-0.14,0.02,0.00,2
59,Entry short,2024-11-08 06:00,USDCHF_1100_SHORT,0.87094,1,0.87094,-0.001,-0.14,0,0.0001,0.01,-0.001,-0.14,0.02,0.00,2
60,Exit short,2024-12-05 08:00,TP_OR_SL,0.88135,1,0.88334,0.002,0.23,0,0.002,0.23,-0.001,-0.09,0.02,0.00,2
60,Entry short,2024-12-05 06:00,USDCHF_1100_SHORT,0.88334,1,0.88334,0.002,0.23,0,0.002,0.23,-0.001,-0.09,0.02,0.00,2
61,Exit short,2024-12-06 08:00,TP_OR_SL,0.87531,1,0.87716,0.002,0.21,0,0.002,0.21,-0.001,-0.07,0.02,0.00,2
61,Entry short,2024-12-06 06:00,USDCHF_1100_SHORT,0.87716,1,0.87716,0.002,0.21,0,0.002,0.21,-0.001,-0.07,0.02,0.00,2
62,Exit short,2025-01-27 08:00,TP_OR_SL,0.89886,1,0.89742,-0.001,-0.16,0,0.0003,0.03,-0.001,-0.16,0.02,0.00,2
62,Entry short,2025-01-27 06:00,USDCHF_1100_SHORT,0.89742,1,0.89742,-0.001,-0.16,0,0.0003,0.03,-0.001,-0.16,0.02,0.00,2
63,Exit short,2025-02-13 09:00,TIME_EXIT,0.90747,1,0.90761,0.0001,0.02,0,0.001,0.12,-0.001,-0.10,0.02,0.00,3
63,Entry short,2025-02-13 06:00,USDCHF_1100_SHORT,0.90761,1,0.90761,0.0001,0.02,0,0.001,0.12,-0.001,-0.10,0.02,0.00,3
64,Exit short,2025-02-25 07:00,TP_OR_SL,0.8934,1,0.89513,0.002,0.19,0,0.002,0.19,-0.00003,0.00,0.02,0.00,1
64,Entry short,2025-02-25 06:00,USDCHF_1100_SHORT,0.89513,1,0.89513,0.002,0.19,0,0.002,0.19,-0.00003,0.00,0.02,0.00,1
65,Exit short,2025-03-04 09:00,TP_OR_SL,0.89103,1,0.88968,-0.001,-0.15,0,0.003,0.28,-0.001,-0.15,0.02,0.00,3
65,Entry short,2025-03-04 06:00,USDCHF_1100_SHORT,0.88968,1,0.88968,-0.001,-0.15,0,0.003,0.28,-0.001,-0.15,0.02,0.00,3
66,Exit short,2025-03-06 07:00,TP_OR_SL,0.8871,1,0.88532,-0.002,-0.20,0,0.0003,0.04,-0.002,-0.20,0.02,0.00,1
66,Entry short,2025-03-06 06:00,USDCHF_1100_SHORT,0.88532,1,0.88532,-0.002,-0.20,0,0.0003,0.04,-0.002,-0.20,0.02,0.00,1
67,Exit short,2025-04-04 09:00,TP_OR_SL,0.85326,1,0.85069,-0.003,-0.30,0,0.002,0.21,-0.003,-0.30,0.02,0.00,2
67,Entry short,2025-04-04 07:00,USDCHF_1100_SHORT,0.85069,1,0.85069,-0.003,-0.30,0,0.002,0.21,-0.003,-0.30,0.02,0.00,2
68,Exit short,2025-04-08 10:00,TP_OR_SL,0.85719,1,0.85452,-0.003,-0.31,0,0.002,0.28,-0.003,-0.31,0.01,0.00,3
68,Entry short,2025-04-08 07:00,USDCHF_1100_SHORT,0.85452,1,0.85452,-0.003,-0.31,0,0.002,0.28,-0.003,-0.31,0.01,0.00,3
69,Exit short,2025-04-09 10:00,TIME_EXIT,0.84048,1,0.84056,0.0001,0.01,0,0.005,0.55,-0.0003,-0.04,0.01,0.00,3
69,Entry short,2025-04-09 07:00,USDCHF_1100_SHORT,0.84056,1,0.84056,0.0001,0.01,0,0.005,0.55,-0.0003,-0.04,0.01,0.00,3
70,Exit short,2025-04-10 10:00,TIME_EXIT,0.8335,1,0.83982,0.01,0.75,0,0.01,0.79,-0.0002,-0.03,0.02,0.00,3
70,Entry short,2025-04-10 07:00,USDCHF_1100_SHORT,0.83982,1,0.83982,0.01,0.75,0,0.01,0.79,-0.0002,-0.03,0.02,0.00,3
71,Exit short,2025-04-16 10:00,TIME_EXIT,0.81536,1,0.81572,0.0004,0.04,0,0.003,0.33,-0.001,-0.09,0.02,0.00,3
71,Entry short,2025-04-16 07:00,USDCHF_1100_SHORT,0.81572,1,0.81572,0.0004,0.04,0,0.003,0.33,-0.001,-0.09,0.02,0.00,3
72,Exit short,2025-05-05 10:00,TIME_EXIT,0.82203,1,0.8233,0.001,0.15,0,0.002,0.23,-0.0003,-0.03,0.02,0.00,3
72,Entry short,2025-05-05 07:00,USDCHF_1100_SHORT,0.8233,1,0.8233,0.001,0.15,0,0.002,0.23,-0.0003,-0.03,0.02,0.00,3
73,Exit short,2025-06-12 10:00,TIME_EXIT,0.8131,1,0.81264,-0.0005,-0.06,0,0.002,0.30,-0.001,-0.09,0.02,0.00,3
73,Entry short,2025-06-12 07:00,USDCHF_1100_SHORT,0.81264,1,0.81264,-0.0005,-0.06,0,0.002,0.30,-0.001,-0.09,0.02,0.00,3
74,Exit short,2025-06-24 10:00,TP_OR_SL,0.80596,1,0.80858,0.003,0.32,0,0.003,0.32,-0.001,-0.11,0.02,0.00,3
74,Entry short,2025-06-24 07:00,USDCHF_1100_SHORT,0.80858,1,0.80858,0.003,0.32,0,0.003,0.32,-0.001,-0.11,0.02,0.00,3
75,Exit short,2025-06-30 10:00,TIME_EXIT,0.79598,1,0.79736,0.001,0.17,0,0.002,0.29,-0.001,-0.12,0.02,0.00,3
75,Entry short,2025-06-30 07:00,USDCHF_1100_SHORT,0.79736,1,0.79736,0.001,0.17,0,0.002,0.29,-0.001,-0.12,0.02,0.00,3
76,Exit short,2025-07-21 10:00,TIME_EXIT,0.79782,1,0.79908,0.001,0.16,0,0.001,0.19,-0.001,-0.07,0.03,0.00,3
76,Entry short,2025-07-21 07:00,USDCHF_1100_SHORT,0.79908,1,0.79908,0.001,0.16,0,0.001,0.19,-0.001,-0.07,0.03,0.00,3
77,Exit short,2025-08-06 10:00,TIME_EXIT,0.80743,1,0.80699,-0.0004,-0.05,0,0.001,0.14,-0.001,-0.09,0.02,0.00,3
77,Entry short,2025-08-06 07:00,USDCHF_1100_SHORT,0.80699,1,0.80699,-0.0004,-0.05,0,0.001,0.14,-0.001,-0.09,0.02,0.00,3
78,Exit short,2025-08-19 10:00,TP_OR_SL,0.80622,1,0.8054,-0.001,-0.10,0,0.001,0.06,-0.001,-0.10,0.02,0.00,3
78,Entry short,2025-08-19 07:00,USDCHF_1100_SHORT,0.8054,1,0.8054,-0.001,-0.10,0,0.001,0.06,-0.001,-0.10,0.02,0.00,3
79,Exit short,2025-09-08 09:00,TP_OR_SL,0.79362,1,0.79568,0.002,0.26,0,0.002,0.26,0,0.00,0.03,0.00,2
79,Entry short,2025-09-08 07:00,USDCHF_1100_SHORT,0.79568,1,0.79568,0.002,0.26,0,0.002,0.26,0,0.00,0.03,0.00,2
80,Exit short,2025-09-16 08:00,TP_OR_SL,0.79105,1,0.79029,-0.001,-0.10,0,0.0002,0.02,-0.001,-0.10,0.03,0.00,1
80,Entry short,2025-09-16 07:00,USDCHF_1100_SHORT,0.79029,1,0.79029,-0.001,-0.10,0,0.0002,0.02,-0.001,-0.10,0.03,0.00,1
81,Exit short,2025-09-17 08:00,TP_OR_SL,0.7876,1,0.78678,-0.001,-0.10,0,0.00001,0.00,-0.001,-0.10,0.02,0.00,1
81,Entry short,2025-09-17 07:00,USDCHF_1100_SHORT,0.78678,1,0.78678,-0.001,-0.10,0,0.00001,0.00,-0.001,-0.10,0.02,0.00,1
82,Exit short,2025-10-02 08:00,TP_OR_SL,0.79668,1,0.79576,-0.001,-0.12,0,0.001,0.08,-0.001,-0.12,0.02,0.00,1
82,Entry short,2025-10-02 07:00,USDCHF_1100_SHORT,0.79576,1,0.79576,-0.001,-0.12,0,0.001,0.08,-0.001,-0.12,0.02,0.00,1
83,Exit short,2025-11-07 09:00,TP_OR_SL,0.80415,1,0.80581,0.002,0.21,0,0.002,0.21,-0.0004,-0.05,0.03,0.00,3
83,Entry short,2025-11-07 06:00,USDCHF_1100_SHORT,0.80581,1,0.80581,0.002,0.21,0,0.002,0.21,-0.0004,-0.05,0.03,0.00,3
84,Exit short,2025-11-11 08:00,TP_OR_SL,0.80008,1,0.8019,0.002,0.23,0,0.002,0.23,-0.0001,-0.02,0.03,0.00,2
84,Entry short,2025-11-11 06:00,USDCHF_1100_SHORT,0.8019,1,0.8019,0.002,0.23,0,0.002,0.23,-0.0001,-0.02,0.03,0.00,2
85,Exit short,2025-11-12 08:00,TP_OR_SL,0.79961,1,0.79882,-0.001,-0.10,0,0.0004,0.05,-0.001,-0.10,0.03,0.00,2
85,Entry short,2025-11-12 06:00,USDCHF_1100_SHORT,0.79882,1,0.79882,-0.001,-0.10,0,0.0004,0.05,-0.001,-0.10,0.03,0.00,2
86,Exit short,2025-11-14 07:00,TP_OR_SL,0.78947,1,0.79139,0.002,0.24,0,0.002,0.24,-0.0002,-0.02,0.03,0.00,1
86,Entry short,2025-11-14 06:00,USDCHF_1100_SHORT,0.79139,1,0.79139,0.002,0.24,0,0.002,0.24,-0.0002,-0.02,0.03,0.00,1
87,Exit short,2025-12-01 07:00,TP_OR_SL,0.80065,1,0.80242,0.002,0.22,0,0.002,0.22,-0.0002,-0.02,0.03,0.00,1
87,Entry short,2025-12-01 06:00,USDCHF_1100_SHORT,0.80242,1,0.80242,0.002,0.22,0,0.002,0.22,-0.0002,-0.02,0.03,0.00,1
88,Exit short,2025-12-03 09:00,TIME_EXIT,0.80051,1,0.80014,-0.0004,-0.05,0,0.001,0.09,-0.001,-0.08,0.03,0.00,3
88,Entry short,2025-12-03 06:00,USDCHF_1100_SHORT,0.80014,1,0.80014,-0.0004,-0.05,0,0.001,0.09,-0.001,-0.08,0.03,0.00,3
89,Exit short,2025-12-11 09:00,TP_OR_SL,0.79455,1,0.79644,0.002,0.24,0,0.002,0.24,-0.0003,-0.04,0.03,0.00,3
89,Entry short,2025-12-11 06:00,USDCHF_1100_SHORT,0.79644,1,0.79644,0.002,0.24,0,0.002,0.24,-0.0003,-0.04,0.03,0.00,3
90,Exit short,2025-12-22 09:00,TIME_EXIT,0.79233,1,0.79342,0.001,0.14,0,0.001,0.18,-0.0004,-0.05,0.03,0.00,3
90,Entry short,2025-12-22 06:00,USDCHF_1100_SHORT,0.79342,1,0.79342,0.001,0.14,0,0.001,0.18,-0.0004,-0.05,0.03,0.00,3
91,Exit short,2025-12-23 08:00,TP_OR_SL,0.78847,1,0.78767,-0.001,-0.10,0,0.001,0.13,-0.001,-0.10,0.03,0.00,2
91,Entry short,2025-12-23 06:00,USDCHF_1100_SHORT,0.78767,1,0.78767,-0.001,-0.10,0,0.001,0.13,-0.001,-0.10,0.03,0.00,2
92,Exit short,2026-01-20 09:00,TP_OR_SL,0.7912,1,0.78992,-0.001,-0.16,0,0.002,0.27,-0.001,-0.16,0.03,0.00,3
92,Entry short,2026-01-20 06:00,USDCHF_1100_SHORT,0.78992,1,0.78992,-0.001,-0.16,0,0.002,0.27,-0.001,-0.16,0.03,0.00,3
93,Exit short,2026-01-27 07:00,TP_OR_SL,0.77152,1,0.77432,0.003,0.36,0,0.003,0.36,-0.0001,-0.01,0.03,0.00,1
93,Entry short,2026-01-27 06:00,USDCHF_1100_SHORT,0.77432,1,0.77432,0.003,0.36,0,0.003,0.36,-0.0001,-0.01,0.03,0.00,1
94,Exit short,2026-02-09 08:00,TP_OR_SL,0.7694,1,0.77142,0.002,0.26,0,0.002,0.26,0,0.00,0.04,0.00,2
94,Entry short,2026-02-09 06:00,USDCHF_1100_SHORT,0.77142,1,0.77142,0.002,0.26,0,0.002,0.26,0,0.00,0.04,0.00,2
95,Exit short,2026-03-10 10:00,TIME_EXIT,0.77531,1,0.77598,0.001,0.09,0,0.001,0.15,-0.001,-0.13,0.04,0.00,3
95,Entry short,2026-03-10 07:00,USDCHF_1100_SHORT,0.77598,1,0.77598,0.001,0.09,0,0.001,0.15,-0.001,-0.13,0.04,0.00,3
96,Exit short,2026-03-20 09:00,TP_OR_SL,0.78806,1,0.78686,-0.001,-0.15,0,0.001,0.17,-0.001,-0.15,0.03,0.00,2
96,Entry short,2026-03-20 07:00,USDCHF_1100_SHORT,0.78686,1,0.78686,-0.001,-0.15,0,0.001,0.17,-0.001,-0.15,0.03,0.00,2
97,Exit short,2026-04-01 09:00,TP_OR_SL,0.79312,1,0.79176,-0.001,-0.17,0,0.001,0.16,-0.001,-0.17,0.03,0.00,2
97,Entry short,2026-04-01 07:00,USDCHF_1100_SHORT,0.79176,1,0.79176,-0.001,-0.17,0,0.001,0.16,-0.001,-0.17,0.03,0.00,2
98,Exit short,2026-04-08 10:00,TIME_EXIT,0.78854,1,0.78842,-0.0001,-0.02,0,0.001,0.19,-0.001,-0.18,0.03,0.00,3
98,Entry short,2026-04-08 07:00,USDCHF_1100_SHORT,0.78842,1,0.78842,-0.0001,-0.02,0,0.001,0.19,-0.001,-0.18,0.03,0.00,3
99,Exit short,2026-04-10 09:00,TP_OR_SL,0.78691,1,0.78884,0.002,0.24,0,0.002,0.24,-0.0002,-0.03,0.04,0.00,2
99,Entry short,2026-04-10 07:00,USDCHF_1100_SHORT,0.78884,1,0.78884,0.002,0.24,0,0.002,0.24,-0.0002,-0.03,0.04,0.00,2
100,Exit short,2026-04-20 10:00,TP_OR_SL,0.77931,1,0.78117,0.002,0.24,0,0.002,0.24,-0.001,-0.10,0.04,0.00,3
100,Entry short,2026-04-20 07:00,USDCHF_1100_SHORT,0.78117,1,0.78117,0.002,0.24,0,0.002,0.24,-0.001,-0.10,0.04,0.00,3
101,Exit short,2026-05-01 10:00,TP_OR_SL,0.77817,1,0.78048,0.002,0.30,0,0.002,0.30,-0.001,-0.13,0.04,0.00,3
101,Entry short,2026-05-01 07:00,USDCHF_1100_SHORT,0.78048,1,0.78048,0.002,0.30,0,0.002,0.30,-0.001,-0.13,0.04,0.00,3
102,Exit short,2026-05-29 10:00,TP_OR_SL,0.78054,1,0.78216,0.002,0.21,0,0.002,0.21,-0.001,-0.09,0.04,0.00,3
102,Entry short,2026-05-29 07:00,USDCHF_1100_SHORT,0.78216,1,0.78216,0.002,0.21,0,0.002,0.21,-0.001,-0.09,0.04,0.00,3
103,Exit short,2026-09-03 09:00,TP_OR_SL,0.80665,1,0.80872,0.002,0.26,0,0.002,0.26,-0.001,-0.08,0.04,0.00,2
103,Entry short,2026-09-03 07:00,USDCHF_1100_SHORT,0.80872,1,0.80872,0.002,0.26,0,0.002,0.26,-0.001,-0.08,0.04,0.00,2
104,Exit short,2026-09-09 10:00,TIME_EXIT,0.80762,1,0.80775,0.0001,0.02,0,0.001,0.12,-0.0004,-0.05,0.04,0.00,3
104,Entry short,2026-09-09 07:00,USDCHF_1100_SHORT,0.80775,1,0.80775,0.0001,0.02,0,0.001,0.12,-0.0004,-0.05,0.04,0.00,3