Trade number,Type,Date and time,Signal,Price USD,Size (qty),Size (value),Net PnL USD,Return %,Commission USD,Favorable excursion USD,Favorable excursion %,Adverse excursion USD,Adverse excursion %,Cumulative PnL USD,Cumulative PnL %,Duration (bars)
1,Exit long,2023-01-18 09:00,TP_OR_SL,0.65229,1,0.64872,0.004,0.55,0,0.004,0.55,-0.001,-0.16,0.004,0.00,3
1,Entry long,2023-01-18 06:00,NZDUSD_1100_LONG,0.64872,1,0.64872,0.004,0.55,0,0.004,0.55,-0.001,-0.16,0.004,0.00,3
2,Exit long,2023-02-09 08:00,TP_OR_SL,0.63877,1,0.63631,0.002,0.39,0,0.002,0.39,-0.0002,-0.03,0.01,0.00,2
2,Entry long,2023-02-09 06:00,NZDUSD_1100_LONG,0.63631,1,0.63631,0.002,0.39,0,0.002,0.39,-0.0002,-0.03,0.01,0.00,2
3,Exit long,2023-03-01 08:00,TP_OR_SL,0.62535,1,0.62678,-0.001,-0.23,0,0.001,0.13,-0.001,-0.23,0.005,0.00,2
3,Entry long,2023-03-01 06:00,NZDUSD_1100_LONG,0.62678,1,0.62678,-0.001,-0.23,0,0.001,0.13,-0.001,-0.23,0.005,0.00,2
4,Exit long,2023-03-14 08:00,TP_OR_SL,0.62105,1,0.62254,-0.001,-0.24,0,0.002,0.31,-0.001,-0.24,0.003,0.00,1
4,Entry long,2023-03-14 07:00,NZDUSD_1100_LONG,0.62254,1,0.62254,-0.001,-0.24,0,0.002,0.31,-0.001,-0.24,0.003,0.00,1
5,Exit long,2023-03-28 10:00,TIME_EXIT,0.6241,1,0.62337,0.001,0.12,0,0.001,0.20,-0.001,-0.15,0.004,0.00,3
5,Entry long,2023-03-28 07:00,NZDUSD_1100_LONG,0.62337,1,0.62337,0.001,0.12,0,0.001,0.20,-0.001,-0.15,0.004,0.00,3
6,Exit long,2023-04-13 08:00,TP_OR_SL,0.62681,1,0.62459,0.002,0.36,0,0.002,0.36,-0.0002,-0.04,0.01,0.00,1
6,Entry long,2023-04-13 07:00,NZDUSD_1100_LONG,0.62459,1,0.62459,0.002,0.36,0,0.002,0.36,-0.0002,-0.04,0.01,0.00,1
7,Exit long,2023-05-02 08:00,TP_OR_SL,0.62034,1,0.62146,-0.001,-0.18,0,0,0.00,-0.001,-0.18,0.005,0.00,1
7,Entry long,2023-05-02 07:00,NZDUSD_1100_LONG,0.62146,1,0.62146,-0.001,-0.18,0,0,0.00,-0.001,-0.18,0.005,0.00,1
8,Exit long,2023-05-04 09:00,TP_OR_SL,0.62566,1,0.62696,-0.001,-0.21,0,0.0003,0.04,-0.001,-0.21,0.004,0.00,2
8,Entry long,2023-05-04 07:00,NZDUSD_1100_LONG,0.62696,1,0.62696,-0.001,-0.21,0,0.0003,0.04,-0.001,-0.21,0.004,0.00,2
9,Exit long,2023-05-08 10:00,TIME_EXIT,0.6352,1,0.63432,0.001,0.14,0,0.002,0.26,-0.0002,-0.03,0.005,0.00,3
9,Entry long,2023-05-08 07:00,NZDUSD_1100_LONG,0.63432,1,0.63432,0.001,0.14,0,0.002,0.26,-0.0002,-0.03,0.005,0.00,3
10,Exit long,2023-05-17 10:00,TP_OR_SL,0.62448,1,0.6256,-0.001,-0.18,0,0.002,0.27,-0.001,-0.18,0.003,0.00,3
10,Entry long,2023-05-17 07:00,NZDUSD_1100_LONG,0.6256,1,0.6256,-0.001,-0.18,0,0.002,0.27,-0.001,-0.18,0.003,0.00,3
11,Exit long,2023-05-19 10:00,TIME_EXIT,0.62772,1,0.62794,-0.0002,-0.04,0,0.001,0.18,-0.001,-0.11,0.003,0.00,3
11,Entry long,2023-05-19 07:00,NZDUSD_1100_LONG,0.62794,1,0.62794,-0.0002,-0.04,0,0.001,0.18,-0.001,-0.11,0.003,0.00,3
12,Exit long,2023-06-09 09:00,TP_OR_SL,0.61362,1,0.61158,0.002,0.33,0,0.002,0.33,-0.0003,-0.06,0.01,0.00,2
12,Entry long,2023-06-09 07:00,NZDUSD_1100_LONG,0.61158,1,0.61158,0.002,0.33,0,0.002,0.33,-0.0003,-0.06,0.01,0.00,2
13,Exit long,2023-07-06 08:00,TP_OR_SL,0.62055,1,0.62182,-0.001,-0.20,0,0.0001,0.02,-0.001,-0.20,0.004,0.00,1
13,Entry long,2023-07-06 07:00,NZDUSD_1100_LONG,0.62182,1,0.62182,-0.001,-0.20,0,0.0001,0.02,-0.001,-0.20,0.004,0.00,1
14,Exit long,2023-07-13 09:00,TP_OR_SL,0.63858,1,0.63568,0.003,0.46,0,0.003,0.46,-0.001,-0.21,0.01,0.00,2
14,Entry long,2023-07-13 07:00,NZDUSD_1100_LONG,0.63568,1,0.63568,0.003,0.46,0,0.003,0.46,-0.001,-0.21,0.01,0.00,2
15,Exit long,2023-08-30 08:00,TP_OR_SL,0.598,1,0.59578,0.002,0.37,0,0.002,0.37,-0.0001,-0.02,0.01,0.00,1
15,Entry long,2023-08-30 07:00,NZDUSD_1100_LONG,0.59578,1,0.59578,0.002,0.37,0,0.002,0.37,-0.0001,-0.02,0.01,0.00,1
16,Exit long,2023-09-01 08:00,TP_OR_SL,0.59942,1,0.59698,0.002,0.41,0,0.002,0.41,-0.0003,-0.05,0.01,0.00,1
16,Entry long,2023-09-01 07:00,NZDUSD_1100_LONG,0.59698,1,0.59698,0.002,0.41,0,0.002,0.41,-0.0003,-0.05,0.01,0.00,1
17,Exit long,2023-09-14 08:00,TP_OR_SL,0.59178,1,0.59284,-0.001,-0.18,0,0.001,0.10,-0.001,-0.18,0.01,0.00,1
17,Entry long,2023-09-14 07:00,NZDUSD_1100_LONG,0.59284,1,0.59284,-0.001,-0.18,0,0.001,0.10,-0.001,-0.18,0.01,0.00,1
18,Exit long,2023-09-19 09:00,TP_OR_SL,0.59341,1,0.59424,-0.001,-0.14,0,0.001,0.09,-0.001,-0.14,0.01,0.00,2
18,Entry long,2023-09-19 07:00,NZDUSD_1100_LONG,0.59424,1,0.59424,-0.001,-0.14,0,0.001,0.09,-0.001,-0.14,0.01,0.00,2
19,Exit long,2023-09-20 10:00,TIME_EXIT,0.59726,1,0.59652,0.001,0.12,0,0.001,0.22,-0.0004,-0.07,0.01,0.00,3
19,Entry long,2023-09-20 07:00,NZDUSD_1100_LONG,0.59652,1,0.59652,0.001,0.12,0,0.001,0.22,-0.0004,-0.07,0.01,0.00,3
20,Exit long,2023-09-22 10:00,TIME_EXIT,0.59801,1,0.59712,0.001,0.15,0,0.002,0.30,-0.0005,-0.08,0.01,0.00,3
20,Entry long,2023-09-22 07:00,NZDUSD_1100_LONG,0.59712,1,0.59712,0.001,0.15,0,0.002,0.30,-0.0005,-0.08,0.01,0.00,3
21,Exit long,2023-09-25 10:00,TP_OR_SL,0.59538,1,0.59634,-0.001,-0.16,0,0.001,0.15,-0.001,-0.16,0.01,0.00,3
21,Entry long,2023-09-25 07:00,NZDUSD_1100_LONG,0.59634,1,0.59634,-0.001,-0.16,0,0.001,0.15,-0.001,-0.16,0.01,0.00,3
22,Exit long,2023-10-05 08:00,TP_OR_SL,0.59307,1,0.5943,-0.001,-0.21,0,0.0001,0.02,-0.001,-0.21,0.01,0.00,1
22,Entry long,2023-10-05 07:00,NZDUSD_1100_LONG,0.5943,1,0.5943,-0.001,-0.21,0,0.0001,0.02,-0.001,-0.21,0.01,0.00,1
23,Exit long,2023-10-09 09:00,TP_OR_SL,0.60023,1,0.59782,0.002,0.40,0,0.002,0.40,-0.0004,-0.06,0.01,0.00,2
23,Entry long,2023-10-09 07:00,NZDUSD_1100_LONG,0.59782,1,0.59782,0.002,0.40,0,0.002,0.40,-0.0004,-0.06,0.01,0.00,2
24,Exit long,2023-11-03 08:00,TP_OR_SL,0.59413,1,0.5923,0.002,0.31,0,0.002,0.31,-0.0003,-0.05,0.01,0.00,1
24,Entry long,2023-11-03 07:00,NZDUSD_1100_LONG,0.5923,1,0.5923,0.002,0.31,0,0.002,0.31,-0.0003,-0.05,0.01,0.00,1
25,Exit long,2023-11-15 08:00,TP_OR_SL,0.60313,1,0.60425,-0.001,-0.19,0,0.001,0.20,-0.001,-0.19,0.01,0.00,2
25,Entry long,2023-11-15 06:00,NZDUSD_1100_LONG,0.60425,1,0.60425,-0.001,-0.19,0,0.001,0.20,-0.001,-0.19,0.01,0.00,2
26,Exit long,2023-11-24 09:00,TP_OR_SL,0.60793,1,0.60644,0.001,0.25,0,0.001,0.25,-0.0004,-0.07,0.01,0.00,3
26,Entry long,2023-11-24 06:00,NZDUSD_1100_LONG,0.60644,1,0.60644,0.001,0.25,0,0.001,0.25,-0.0004,-0.07,0.01,0.00,3
27,Exit long,2023-11-27 09:00,TP_OR_SL,0.60862,1,0.6096,-0.001,-0.16,0,0.001,0.13,-0.001,-0.16,0.01,0.00,3
27,Entry long,2023-11-27 06:00,NZDUSD_1100_LONG,0.6096,1,0.6096,-0.001,-0.16,0,0.001,0.13,-0.001,-0.16,0.01,0.00,3
28,Exit long,2023-12-04 09:00,TP_OR_SL,0.61817,1,0.61942,-0.001,-0.20,0,0.0005,0.08,-0.001,-0.20,0.01,0.00,3
28,Entry long,2023-12-04 06:00,NZDUSD_1100_LONG,0.61942,1,0.61942,-0.001,-0.20,0,0.0005,0.08,-0.001,-0.20,0.01,0.00,3
29,Exit long,2023-12-14 08:00,TP_OR_SL,0.61948,1,0.62132,-0.002,-0.30,0,0.001,0.08,-0.002,-0.30,0.01,0.00,2
29,Entry long,2023-12-14 06:00,NZDUSD_1100_LONG,0.62132,1,0.62132,-0.002,-0.30,0,0.001,0.08,-0.002,-0.30,0.01,0.00,2
30,Exit long,2023-12-20 08:00,TP_OR_SL,0.62802,1,0.62896,-0.001,-0.15,0,0.00004,0.01,-0.001,-0.15,0.01,0.00,2
30,Entry long,2023-12-20 06:00,NZDUSD_1100_LONG,0.62896,1,0.62896,-0.001,-0.15,0,0.00004,0.01,-0.001,-0.15,0.01,0.00,2
31,Exit long,2023-12-22 08:00,TP_OR_SL,0.62929,1,0.6303,-0.001,-0.16,0,0.0003,0.05,-0.001,-0.16,0.01,0.00,2
31,Entry long,2023-12-22 06:00,NZDUSD_1100_LONG,0.6303,1,0.6303,-0.001,-0.16,0,0.0003,0.05,-0.001,-0.16,0.01,0.00,2
32,Exit long,2023-12-26 09:00,TIME_EXIT,0.63156,1,0.63112,0.0004,0.07,0,0.001,0.20,-0.0002,-0.04,0.01,0.00,3
32,Entry long,2023-12-26 06:00,NZDUSD_1100_LONG,0.63112,1,0.63112,0.0004,0.07,0,0.001,0.20,-0.0002,-0.04,0.01,0.00,3
33,Exit long,2023-12-27 08:00,TP_OR_SL,0.63226,1,0.63313,-0.001,-0.14,0,0.0001,0.02,-0.001,-0.14,0.01,0.00,2
33,Entry long,2023-12-27 06:00,NZDUSD_1100_LONG,0.63313,1,0.63313,-0.001,-0.14,0,0.0001,0.02,-0.001,-0.14,0.01,0.00,2
34,Exit long,2024-01-11 08:00,TP_OR_SL,0.6244,1,0.62526,-0.001,-0.14,0,0.001,0.13,-0.001,-0.14,0.01,0.00,2
34,Entry long,2024-01-11 06:00,NZDUSD_1100_LONG,0.62526,1,0.62526,-0.001,-0.14,0,0.001,0.13,-0.001,-0.14,0.01,0.00,2
35,Exit long,2024-02-07 09:00,TIME_EXIT,0.6116,1,0.61108,0.001,0.09,0,0.001,0.23,-0.0004,-0.07,0.01,0.00,3
35,Entry long,2024-02-07 06:00,NZDUSD_1100_LONG,0.61108,1,0.61108,0.001,0.09,0,0.001,0.23,-0.0004,-0.07,0.01,0.00,3
36,Exit long,2024-02-16 08:00,TP_OR_SL,0.61002,1,0.61086,-0.001,-0.14,0,0.001,0.08,-0.001,-0.14,0.01,0.00,2
36,Entry long,2024-02-16 06:00,NZDUSD_1100_LONG,0.61086,1,0.61086,-0.001,-0.14,0,0.001,0.08,-0.001,-0.14,0.01,0.00,2
37,Exit long,2024-03-06 09:00,TP_OR_SL,0.61189,1,0.61034,0.002,0.25,0,0.002,0.25,-0.0003,-0.06,0.01,0.00,3
37,Entry long,2024-03-06 06:00,NZDUSD_1100_LONG,0.61034,1,0.61034,0.002,0.25,0,0.002,0.25,-0.0003,-0.06,0.01,0.00,3
38,Exit long,2024-03-14 08:00,TP_OR_SL,0.61636,1,0.61708,-0.001,-0.12,0,0.0003,0.05,-0.001,-0.12,0.01,0.00,1
38,Entry long,2024-03-14 07:00,NZDUSD_1100_LONG,0.61708,1,0.61708,-0.001,-0.12,0,0.0003,0.05,-0.001,-0.12,0.01,0.00,1
39,Exit long,2024-04-03 10:00,TP_OR_SL,0.59839,1,0.597,0.001,0.23,0,0.001,0.23,-0.001,-0.12,0.01,0.00,3
39,Entry long,2024-04-03 07:00,NZDUSD_1100_LONG,0.597,1,0.597,0.001,0.23,0,0.001,0.23,-0.001,-0.12,0.01,0.00,3
40,Exit long,2024-04-10 08:00,TP_OR_SL,0.6071,1,0.60786,-0.001,-0.13,0,0.0004,0.07,-0.001,-0.13,0.01,0.00,1
40,Entry long,2024-04-10 07:00,NZDUSD_1100_LONG,0.60786,1,0.60786,-0.001,-0.13,0,0.0004,0.07,-0.001,-0.13,0.01,0.00,1
41,Exit long,2024-04-29 09:00,TP_OR_SL,0.59648,1,0.59746,-0.001,-0.16,0,0.0004,0.07,-0.001,-0.16,0.01,0.00,2
41,Entry long,2024-04-29 07:00,NZDUSD_1100_LONG,0.59746,1,0.59746,-0.001,-0.16,0,0.0004,0.07,-0.001,-0.16,0.01,0.00,2
42,Exit long,2024-05-03 08:00,TP_OR_SL,0.60028,1,0.59847,0.002,0.30,0,0.002,0.30,-0.00003,-0.01,0.01,0.00,1
42,Entry long,2024-05-03 07:00,NZDUSD_1100_LONG,0.59847,1,0.59847,0.002,0.30,0,0.002,0.30,-0.00003,-0.01,0.01,0.00,1
43,Exit long,2024-05-27 10:00,TIME_EXIT,0.615,1,0.61422,0.001,0.13,0,0.001,0.16,-0.001,-0.08,0.01,0.00,3
43,Entry long,2024-05-27 07:00,NZDUSD_1100_LONG,0.61422,1,0.61422,0.001,0.13,0,0.001,0.16,-0.001,-0.08,0.01,0.00,3
44,Exit long,2024-05-28 09:00,TP_OR_SL,0.61574,1,0.61631,-0.001,-0.09,0,0.001,0.12,-0.001,-0.09,0.01,0.00,2
44,Entry long,2024-05-28 07:00,NZDUSD_1100_LONG,0.61631,1,0.61631,-0.001,-0.09,0,0.001,0.12,-0.001,-0.09,0.01,0.00,2
45,Exit long,2024-05-31 08:00,TP_OR_SL,0.61501,1,0.61332,0.002,0.28,0,0.002,0.28,-0.0004,-0.06,0.01,0.00,1
45,Entry long,2024-05-31 07:00,NZDUSD_1100_LONG,0.61332,1,0.61332,0.002,0.28,0,0.002,0.28,-0.0004,-0.06,0.01,0.00,1
46,Exit long,2024-06-03 10:00,TP_OR_SL,0.61755,1,0.61572,0.002,0.30,0,0.002,0.30,-0.0003,-0.04,0.01,0.00,3
46,Entry long,2024-06-03 07:00,NZDUSD_1100_LONG,0.61572,1,0.61572,0.002,0.30,0,0.002,0.30,-0.0003,-0.04,0.01,0.00,3
47,Exit long,2024-07-04 10:00,TIME_EXIT,0.61158,1,0.61196,-0.0004,-0.06,0,0.0003,0.05,-0.0005,-0.08,0.01,0.00,3
47,Entry long,2024-07-04 07:00,NZDUSD_1100_LONG,0.61196,1,0.61196,-0.0004,-0.06,0,0.0003,0.05,-0.0005,-0.08,0.01,0.00,3
48,Exit long,2024-07-31 09:00,TP_OR_SL,0.59409,1,0.59198,0.002,0.36,0,0.002,0.36,-0.0002,-0.03,0.01,0.00,2
48,Entry long,2024-07-31 07:00,NZDUSD_1100_LONG,0.59198,1,0.59198,0.002,0.36,0,0.002,0.36,-0.0002,-0.03,0.01,0.00,2
49,Exit long,2024-08-02 08:00,TP_OR_SL,0.59717,1,0.59524,0.002,0.32,0,0.002,0.32,-0.001,-0.16,0.02,0.00,1
49,Entry long,2024-08-02 07:00,NZDUSD_1100_LONG,0.59524,1,0.59524,0.002,0.32,0,0.002,0.32,-0.001,-0.16,0.02,0.00,1
50,Exit long,2024-08-13 09:00,TP_OR_SL,0.60572,1,0.60414,0.002,0.26,0,0.002,0.26,-0.0003,-0.05,0.02,0.00,2
50,Entry long,2024-08-13 07:00,NZDUSD_1100_LONG,0.60414,1,0.60414,0.002,0.26,0,0.002,0.26,-0.0003,-0.05,0.02,0.00,2
51,Exit long,2024-08-19 10:00,TP_OR_SL,0.60948,1,0.6077,0.002,0.29,0,0.002,0.29,-0.001,-0.14,0.02,0.00,3
51,Entry long,2024-08-19 07:00,NZDUSD_1100_LONG,0.6077,1,0.6077,0.002,0.29,0,0.002,0.29,-0.001,-0.14,0.02,0.00,3
52,Exit long,2024-08-23 10:00,TP_OR_SL,0.61729,1,0.61579,0.002,0.24,0,0.002,0.24,-0.001,-0.09,0.02,0.00,3
52,Entry long,2024-08-23 07:00,NZDUSD_1100_LONG,0.61579,1,0.61579,0.002,0.24,0,0.002,0.24,-0.001,-0.09,0.02,0.00,3
53,Exit long,2024-08-27 09:00,TP_OR_SL,0.62216,1,0.62302,-0.001,-0.14,0,0.0002,0.03,-0.001,-0.14,0.02,0.00,2
53,Entry long,2024-08-27 07:00,NZDUSD_1100_LONG,0.62302,1,0.62302,-0.001,-0.14,0,0.0002,0.03,-0.001,-0.14,0.02,0.00,2
54,Exit long,2024-09-23 10:00,TIME_EXIT,0.62684,1,0.62574,0.001,0.18,0,0.001,0.23,-0.001,-0.13,0.02,0.00,3
54,Entry long,2024-09-23 07:00,NZDUSD_1100_LONG,0.62574,1,0.62574,0.001,0.18,0,0.001,0.23,-0.001,-0.13,0.02,0.00,3
55,Exit long,2024-09-27 08:00,TP_OR_SL,0.63413,1,0.632,0.002,0.34,0,0.002,0.34,-0.0001,-0.02,0.02,0.00,1
55,Entry long,2024-09-27 07:00,NZDUSD_1100_LONG,0.632,1,0.632,0.002,0.34,0,0.002,0.34,-0.0001,-0.02,0.02,0.00,1
56,Exit long,2024-11-04 08:00,TP_OR_SL,0.59835,1,0.59943,-0.001,-0.18,0,0.0001,0.02,-0.001,-0.18,0.02,0.00,2
56,Entry long,2024-11-04 06:00,NZDUSD_1100_LONG,0.59943,1,0.59943,-0.001,-0.18,0,0.0001,0.02,-0.001,-0.18,0.02,0.00,2
57,Exit long,2024-12-30 08:00,TP_OR_SL,0.56538,1,0.56622,-0.001,-0.15,0,0.0002,0.04,-0.001,-0.15,0.02,0.00,2
57,Entry long,2024-12-30 06:00,NZDUSD_1100_LONG,0.56622,1,0.56622,-0.001,-0.15,0,0.0002,0.04,-0.001,-0.15,0.02,0.00,2
58,Exit long,2025-01-27 09:00,TP_OR_SL,0.56891,1,0.56986,-0.001,-0.17,0,0.001,0.12,-0.001,-0.17,0.02,0.00,3
58,Entry long,2025-01-27 06:00,NZDUSD_1100_LONG,0.56986,1,0.56986,-0.001,-0.17,0,0.001,0.12,-0.001,-0.17,0.02,0.00,3
59,Exit long,2025-02-17 09:00,TIME_EXIT,0.57366,1,0.57378,-0.0001,-0.02,0,0.00004,0.01,-0.001,-0.09,0.02,0.00,3
59,Entry long,2025-02-17 06:00,NZDUSD_1100_LONG,0.57378,1,0.57378,-0.0001,-0.02,0,0.00004,0.01,-0.001,-0.09,0.02,0.00,3
60,Exit long,2025-03-05 09:00,TP_OR_SL,0.57017,1,0.56806,0.002,0.37,0,0.002,0.37,-0.001,-0.15,0.02,0.00,3
60,Entry long,2025-03-05 06:00,NZDUSD_1100_LONG,0.56806,1,0.56806,0.002,0.37,0,0.002,0.37,-0.001,-0.15,0.02,0.00,3
61,Exit long,2025-03-17 10:00,TIME_EXIT,0.58008,1,0.57882,0.001,0.22,0,0.002,0.26,-0.001,-0.10,0.02,0.00,3
61,Entry long,2025-03-17 07:00,NZDUSD_1100_LONG,0.57882,1,0.57882,0.001,0.22,0,0.002,0.26,-0.001,-0.10,0.02,0.00,3
62,Exit long,2025-04-10 10:00,TIME_EXIT,0.57402,1,0.57037,0.004,0.64,0,0.004,0.73,-0.001,-0.18,0.03,0.00,3
62,Entry long,2025-04-10 07:00,NZDUSD_1100_LONG,0.57037,1,0.57037,0.004,0.64,0,0.004,0.73,-0.001,-0.18,0.03,0.00,3
63,Exit long,2025-04-17 09:00,TP_OR_SL,0.59622,1,0.59376,0.002,0.41,0,0.002,0.41,-0.00002,0.00,0.03,0.00,2
63,Entry long,2025-04-17 07:00,NZDUSD_1100_LONG,0.59376,1,0.59376,0.002,0.41,0,0.002,0.41,-0.00002,0.00,0.03,0.00,2
64,Exit long,2025-05-05 10:00,TIME_EXIT,0.5984,1,0.59854,-0.0001,-0.02,0,0.001,0.18,-0.001,-0.20,0.03,0.00,3
64,Entry long,2025-05-05 07:00,NZDUSD_1100_LONG,0.59854,1,0.59854,-0.0001,-0.02,0,0.001,0.18,-0.001,-0.20,0.03,0.00,3
65,Exit long,2025-05-06 10:00,TIME_EXIT,0.5995,1,0.5984,0.001,0.18,0,0.002,0.29,-0.0005,-0.08,0.03,0.00,3
65,Entry long,2025-05-06 07:00,NZDUSD_1100_LONG,0.5984,1,0.5984,0.001,0.18,0,0.002,0.29,-0.0005,-0.08,0.03,0.00,3
66,Exit long,2025-06-04 10:00,TP_OR_SL,0.60341,1,0.60134,0.002,0.34,0,0.002,0.34,-0.0001,-0.01,0.03,0.00,3
66,Entry long,2025-06-04 07:00,NZDUSD_1100_LONG,0.60134,1,0.60134,0.002,0.34,0,0.002,0.34,-0.0001,-0.01,0.03,0.00,3
67,Exit long,2025-06-10 10:00,TIME_EXIT,0.60467,1,0.60516,-0.0005,-0.08,0,0.001,0.10,-0.001,-0.10,0.03,0.00,3
67,Entry long,2025-06-10 07:00,NZDUSD_1100_LONG,0.60516,1,0.60516,-0.0005,-0.08,0,0.001,0.10,-0.001,-0.10,0.03,0.00,3
68,Exit long,2025-06-17 08:00,TP_OR_SL,0.60634,1,0.60738,-0.001,-0.17,0,0.0004,0.07,-0.001,-0.17,0.03,0.00,1
68,Entry long,2025-06-17 07:00,NZDUSD_1100_LONG,0.60738,1,0.60738,-0.001,-0.17,0,0.0004,0.07,-0.001,-0.17,0.03,0.00,1
69,Exit long,2025-06-24 09:00,TP_OR_SL,0.60173,1,0.60315,-0.001,-0.24,0,0.0003,0.04,-0.001,-0.24,0.03,0.00,2
69,Entry long,2025-06-24 07:00,NZDUSD_1100_LONG,0.60315,1,0.60315,-0.001,-0.24,0,0.0003,0.04,-0.001,-0.24,0.03,0.00,2
70,Exit long,2025-07-18 09:00,TP_OR_SL,0.59913,1,0.59744,0.002,0.28,0,0.002,0.28,-0.0001,-0.01,0.03,0.00,2
70,Entry long,2025-07-18 07:00,NZDUSD_1100_LONG,0.59744,1,0.59744,0.002,0.28,0,0.002,0.28,-0.0001,-0.01,0.03,0.00,2
71,Exit long,2025-07-21 10:00,TIME_EXIT,0.59744,1,0.59713,0.0003,0.05,0,0.001,0.14,-0.001,-0.14,0.03,0.00,3
71,Entry long,2025-07-21 07:00,NZDUSD_1100_LONG,0.59713,1,0.59713,0.0003,0.05,0,0.001,0.14,-0.001,-0.14,0.03,0.00,3
72,Exit long,2025-07-23 08:00,TP_OR_SL,0.60346,1,0.60438,-0.001,-0.15,0,0.0002,0.04,-0.001,-0.15,0.03,0.00,1
72,Entry long,2025-07-23 07:00,NZDUSD_1100_LONG,0.60438,1,0.60438,-0.001,-0.15,0,0.0002,0.04,-0.001,-0.15,0.03,0.00,1
73,Exit long,2025-08-04 10:00,TIME_EXIT,0.59125,1,0.59206,-0.001,-0.14,0,0.001,0.17,-0.001,-0.17,0.03,0.00,3
73,Entry long,2025-08-04 07:00,NZDUSD_1100_LONG,0.59206,1,0.59206,-0.001,-0.14,0,0.001,0.17,-0.001,-0.17,0.03,0.00,3
74,Exit long,2025-08-06 10:00,TP_OR_SL,0.59233,1,0.59322,-0.001,-0.15,0,0.001,0.09,-0.001,-0.15,0.03,0.00,3
74,Entry long,2025-08-06 07:00,NZDUSD_1100_LONG,0.59322,1,0.59322,-0.001,-0.15,0,0.001,0.09,-0.001,-0.15,0.03,0.00,3
75,Exit long,2025-08-25 09:00,TP_OR_SL,0.58633,1,0.58726,-0.001,-0.16,0,0.0001,0.01,-0.001,-0.16,0.03,0.00,2
75,Entry long,2025-08-25 07:00,NZDUSD_1100_LONG,0.58726,1,0.58726,-0.001,-0.16,0,0.0001,0.01,-0.001,-0.16,0.03,0.00,2
76,Exit long,2025-08-28 09:00,TP_OR_SL,0.58656,1,0.58732,-0.001,-0.13,0,0.001,0.09,-0.001,-0.13,0.03,0.00,2
76,Entry long,2025-08-28 07:00,NZDUSD_1100_LONG,0.58732,1,0.58732,-0.001,-0.13,0,0.001,0.09,-0.001,-0.13,0.03,0.00,2
77,Exit long,2025-09-08 10:00,TIME_EXIT,0.59352,1,0.59372,-0.0002,-0.03,0,0.001,0.14,-0.001,-0.09,0.03,0.00,3
77,Entry long,2025-09-08 07:00,NZDUSD_1100_LONG,0.59372,1,0.59372,-0.0002,-0.03,0,0.001,0.14,-0.001,-0.09,0.03,0.00,3
78,Exit long,2025-09-16 08:00,TP_OR_SL,0.59693,1,0.59772,-0.001,-0.13,0,0.0002,0.03,-0.001,-0.13,0.03,0.00,1
78,Entry long,2025-09-16 07:00,NZDUSD_1100_LONG,0.59772,1,0.59772,-0.001,-0.13,0,0.0002,0.03,-0.001,-0.13,0.03,0.00,1
79,Exit long,2025-10-17 08:00,TP_OR_SL,0.57196,1,0.57293,-0.001,-0.17,0,0.0003,0.06,-0.001,-0.17,0.03,0.00,1
79,Entry long,2025-10-17 07:00,NZDUSD_1100_LONG,0.57293,1,0.57293,-0.001,-0.17,0,0.0003,0.06,-0.001,-0.17,0.03,0.00,1
80,Exit long,2025-10-27 09:00,TP_OR_SL,0.57577,1,0.57662,-0.001,-0.15,0,0.0002,0.04,-0.001,-0.15,0.02,0.00,2
80,Entry long,2025-10-27 07:00,NZDUSD_1100_LONG,0.57662,1,0.57662,-0.001,-0.15,0,0.0002,0.04,-0.001,-0.15,0.02,0.00,2
81,Exit long,2025-11-11 08:00,TP_OR_SL,0.56599,1,0.56468,0.001,0.23,0,0.001,0.23,-0.00002,0.00,0.03,0.00,2
81,Entry long,2025-11-11 06:00,NZDUSD_1100_LONG,0.56468,1,0.56468,0.001,0.23,0,0.001,0.23,-0.00002,0.00,0.03,0.00,2
82,Exit long,2025-11-12 09:00,TIME_EXIT,0.56592,1,0.56574,0.0002,0.03,0,0.001,0.16,-0.0001,-0.02,0.03,0.00,3
82,Entry long,2025-11-12 06:00,NZDUSD_1100_LONG,0.56574,1,0.56574,0.0002,0.03,0,0.001,0.16,-0.0001,-0.02,0.03,0.00,3
83,Exit long,2025-12-03 09:00,TP_OR_SL,0.57433,1,0.57505,-0.001,-0.13,0,0.001,0.12,-0.001,-0.13,0.03,0.00,3
83,Entry long,2025-12-03 06:00,NZDUSD_1100_LONG,0.57505,1,0.57505,-0.001,-0.13,0,0.001,0.12,-0.001,-0.13,0.03,0.00,3
84,Exit long,2025-12-11 09:00,TP_OR_SL,0.58298,1,0.5812,0.002,0.31,0,0.002,0.31,-0.0001,-0.02,0.03,0.00,3
84,Entry long,2025-12-11 06:00,NZDUSD_1100_LONG,0.5812,1,0.5812,0.002,0.31,0,0.002,0.31,-0.0001,-0.02,0.03,0.00,3
85,Exit long,2025-12-22 09:00,TIME_EXIT,0.57968,1,0.57885,0.001,0.14,0,0.001,0.17,-0.0003,-0.06,0.03,0.00,3
85,Entry long,2025-12-22 06:00,NZDUSD_1100_LONG,0.57885,1,0.57885,0.001,0.14,0,0.001,0.17,-0.0003,-0.06,0.03,0.00,3
86,Exit long,2026-01-07 09:00,TIME_EXIT,0.57915,1,0.5791,0.0001,0.01,0,0.0002,0.04,-0.001,-0.13,0.03,0.00,3
86,Entry long,2026-01-07 06:00,NZDUSD_1100_LONG,0.5791,1,0.5791,0.0001,0.01,0,0.0002,0.04,-0.001,-0.13,0.03,0.00,3
87,Exit long,2026-01-16 08:00,TP_OR_SL,0.57557,1,0.57622,-0.001,-0.11,0,0.0003,0.05,-0.001,-0.11,0.03,0.00,2
87,Entry long,2026-01-16 06:00,NZDUSD_1100_LONG,0.57622,1,0.57622,-0.001,-0.11,0,0.0003,0.05,-0.001,-0.11,0.03,0.00,2
88,Exit long,2026-01-22 09:00,TP_OR_SL,0.58912,1,0.58744,0.002,0.29,0,0.002,0.29,0,0.00,0.03,0.00,3
88,Entry long,2026-01-22 06:00,NZDUSD_1100_LONG,0.58744,1,0.58744,0.002,0.29,0,0.002,0.29,0,0.00,0.03,0.00,3
89,Exit long,2026-01-27 09:00,TP_OR_SL,0.60011,1,0.59814,0.002,0.33,0,0.002,0.33,-0.00002,0.00,0.03,0.00,3
89,Entry long,2026-01-27 06:00,NZDUSD_1100_LONG,0.59814,1,0.59814,0.002,0.33,0,0.002,0.33,-0.00002,0.00,0.03,0.00,3
90,Exit long,2026-02-09 09:00,TP_OR_SL,0.60439,1,0.60213,0.002,0.38,0,0.002,0.38,0,0.00,0.03,0.00,3
90,Entry long,2026-02-09 06:00,NZDUSD_1100_LONG,0.60213,1,0.60213,0.002,0.38,0,0.002,0.38,0,0.00,0.03,0.00,3
91,Exit long,2026-03-10 10:00,TIME_EXIT,0.5954,1,0.59414,0.001,0.21,0,0.001,0.23,-0.001,-0.19,0.03,0.00,3
91,Entry long,2026-03-10 07:00,NZDUSD_1100_LONG,0.59414,1,0.59414,0.001,0.21,0,0.001,0.23,-0.001,-0.19,0.03,0.00,3
92,Exit long,2026-04-01 08:00,TP_OR_SL,0.57606,1,0.57736,-0.001,-0.23,0,0.0004,0.07,-0.001,-0.23,0.03,0.00,1
92,Entry long,2026-04-01 07:00,NZDUSD_1100_LONG,0.57736,1,0.57736,-0.001,-0.23,0,0.0004,0.07,-0.001,-0.23,0.03,0.00,1
93,Exit long,2026-04-08 10:00,TIME_EXIT,0.58382,1,0.58335,0.0005,0.08,0,0.003,0.44,-0.001,-0.09,0.03,0.00,3
93,Entry long,2026-04-08 07:00,NZDUSD_1100_LONG,0.58335,1,0.58335,0.0005,0.08,0,0.003,0.44,-0.001,-0.09,0.03,0.00,3
94,Exit long,2026-04-14 10:00,TIME_EXIT,0.5916,1,0.59024,0.001,0.23,0,0.002,0.30,-0.0004,-0.07,0.03,0.00,3
94,Entry long,2026-04-14 07:00,NZDUSD_1100_LONG,0.59024,1,0.59024,0.001,0.23,0,0.002,0.30,-0.0004,-0.07,0.03,0.00,3
95,Exit long,2026-04-27 10:00,TIME_EXIT,0.59172,1,0.59124,0.0005,0.08,0,0.001,0.20,-0.0003,-0.05,0.04,0.00,3
95,Entry long,2026-04-27 07:00,NZDUSD_1100_LONG,0.59124,1,0.59124,0.0005,0.08,0,0.001,0.20,-0.0003,-0.05,0.04,0.00,3
96,Exit long,2026-05-07 10:00,TP_OR_SL,0.59713,1,0.59806,-0.001,-0.16,0,0.0003,0.05,-0.001,-0.16,0.03,0.00,3
96,Entry long,2026-05-07 07:00,NZDUSD_1100_LONG,0.59806,1,0.59806,-0.001,-0.16,0,0.0003,0.05,-0.001,-0.16,0.03,0.00,3
97,Exit long,2026-05-27 08:00,TP_OR_SL,0.59024,1,0.58844,0.002,0.31,0,0.002,0.31,-0.0003,-0.04,0.04,0.00,1
97,Entry long,2026-05-27 07:00,NZDUSD_1100_LONG,0.58844,1,0.58844,0.002,0.31,0,0.002,0.31,-0.0003,-0.04,0.04,0.00,1
98,Exit long,2026-05-29 09:00,TP_OR_SL,0.59903,1,0.5974,0.002,0.27,0,0.002,0.27,-0.0003,-0.04,0.04,0.00,2
98,Entry long,2026-05-29 07:00,NZDUSD_1100_LONG,0.5974,1,0.5974,0.002,0.27,0,0.002,0.27,-0.0003,-0.04,0.04,0.00,2
99,Exit long,2026-07-15 10:00,TP_OR_SL,0.58371,1,0.58202,0.002,0.29,0,0.002,0.29,-0.0003,-0.05,0.04,0.00,3
99,Entry long,2026-07-15 07:00,NZDUSD_1100_LONG,0.58202,1,0.58202,0.002,0.29,0,0.002,0.29,-0.0003,-0.05,0.04,0.00,3
100,Exit long,2026-07-20 10:00,TP_OR_SL,0.58482,1,0.58564,-0.001,-0.14,0,0,0.00,-0.001,-0.14,0.04,0.00,3
100,Entry long,2026-07-20 07:00,NZDUSD_1100_LONG,0.58564,1,0.58564,-0.001,-0.14,0,0,0.00,-0.001,-0.14,0.04,0.00,3
101,Exit long,2026-08-04 10:00,TIME_EXIT,0.58854,1,0.58843,0.0001,0.02,0,0.001,0.17,-0.0003,-0.05,0.04,0.00,3
101,Entry long,2026-08-04 07:00,NZDUSD_1100_LONG,0.58843,1,0.58843,0.0001,0.02,0,0.001,0.17,-0.0003,-0.05,0.04,0.00,3
102,Exit long,2026-08-14 10:00,TIME_EXIT,0.58924,1,0.58881,0.0004,0.07,0,0.001,0.17,-0.0003,-0.05,0.04,0.00,3
102,Entry long,2026-08-14 07:00,NZDUSD_1100_LONG,0.58881,1,0.58881,0.0004,0.07,0,0.001,0.17,-0.0003,-0.05,0.04,0.00,3